Num_Acc;an;mois;jour;hrmn;lum;agg;int;atm;col;com;adr;gps;lat;long;dep
201400009050;14;6;3;1700;1;1;1;1.0;7;128;;M;4164067.0;900046.0;201
201400009055;14;6;3;845;1;1;1;1.0;5;189;lieu dit les cannes;M;4169797.0;890308.0;201
201400009143;14;7;30;1120;1;2;6;1.0;6;23;DE GAULLE (AVENUE DU GEN;M;4489616.0;663298.0;50
201400009149;14;7;23;910;1;2;6;1.0;7;23;PETSCHE (AVENUE MAURICE);M;4489585.0;663272.0;50
201400009173;14;8;29;1709;1;2;1;1.0;3;61;PIGNEROL ( AVENUE DE );M;4456503.0;609289.0;50
201400009203;14;9;17;900;1;2;1;1.0;6;368;Rue Christian Pouillard;M;0.0;0.0;780
201400009207;14;8;1;945;1;1;1;1.0;6;417;;M;4889400.0;160800.0;780
201400009222;14;3;31;1030;1;2;6;1.0;3;420;cd 155;M;4878400.0;181400.0;780
201400009223;14;4;9;900;1;1;1;1.0;1;576;;M;4874200.0;188700.0;780
201400009227;14;3;22;1600;1;1;1;1.0;4;623;;M;0.0;0.0;780
201400009243;14;11;8;1015;1;2;1;1.0;7;537;D?partementale 149 Pk 09;M;0.0;0.0;780
201400009250;14;4;9;1430;1;2;1;1.0;1;386;avenue des porcelaines;M;0.0;0.0;910
201400009258;14;3;11;1545;1;1;1;1.0;2;405;D1;M;0.0;0.0;910
201400009280;14;6;18;1545;1;1;1;1.0;2;129;D191;M;4847900.0;230400.0;910
201400009284;14;8;2;1030;1;2;2;1.0;3;546;CD838/CD27;M;4857100.0;203100.0;910
201400009308;14;10;19;1000;1;2;2;1.0;3;93;rue du tartelet;M;0.0;0.0;910
201400009315;14;10;18;1545;1;1;1;1.0;1;44;RN20;M;0.0;0.0;910
201400009320;14;8;9;1730;1;1;6;1.0;1;477;D36;M;0.0;0.0;910
201400009364;14;11;16;1800;3;1;1;2.0;5;493;;M;0.0;0.0;770
201400009435;14;6;24;1945;1;2;1;1.0;1;88;D 64 QUARTIER DE LA GARE;M;4854000.0;294100.0;770
201400009446;14;9;1;630;2;1;1;1.0;1;115;;M;4824400.0;298100.0;770
201400009472;14;10;7;1900;2;1;1;7.0;5;525;;M;4902700.0;220800.0;770
201400009489;14;3;30;1115;1;1;1;1.0;1;286;;M;0.0;0.0;770
201400009498;14;1;2;1130;1;2;1;1.0;3;82;R ALBERT VIGIER;M;4786543.0;221875.0;450
201400009503;14;9;14;1200;1;1;3;1.0;1;82;D 10/CH CHOISY;M;4789187.0;223858.0;450
201400009510;14;2;24;1715;1;2;1;1.0;3;98;;M;4782574.0;176269.0;450
201400009512;14;7;3;1815;1;1;1;1.0;1;196;LEVEE DE LA LOIRE;M;4785799.0;177532.0;450
201400009513;14;10;1;2015;3;2;1;1.0;6;146;87 R MASSENA;M;4772278.0;193540.0;450
201400009528;14;9;14;900;1;2;1;7.0;3;273;R DES FONTAINES;M;4787039.0;212588.0;450
201400009561;14;4;16;1445;1;1;2;1.0;3;171;;M;4769470.0;228243.0;450
201400009622;14;10;16;1915;4;2;1;3.0;3;207;rue et clos Gironnais;M;4699563.0;225801.0;180
201400009653;14;5;16;1900;1;1;1;1.0;3;290;;M;4841841.0;128183.0;280
201400009672;14;10;6;2015;3;1;1;1.0;2;74;;M;4841600.0;180100.0;280
201400009696;14;9;12;1815;1;2;3;1.0;3;88;60 rue de CHOLLET;M;4807621.0;132938.0;280
201400009709;14;11;15;1445;1;1;1;1.0;6;305;;M;4817800.0;147000.0;280
201400009723;14;9;10;2000;1;1;2;1.0;3;82;;M;4870085.0;143595.0;280
201400009730;14;7;4;1445;1;1;1;1.0;3;377;;M;4883287.0;141990.0;280
201400009756;14;4;15;1730;1;1;1;7.0;3;335;;M;4846055.0;100307.0;280
201400009757;14;6;7;1115;1;1;4;1.0;3;109;;M;4836568.0;113162.0;280
201400009770;14;10;1;1115;1;1;1;1.0;1;142;LIEU DIT LA SAURA;M;4681730.0;159882.0;360
201400009775;14;6;13;1600;1;1;1;1.0;6;235;;M;4713430.0;150145.0;360
201400009813;14;5;11;1100;1;1;2;2.0;3;98;;M;4699360.0;191782.0;360
201400009817;14;7;30;1700;1;2;3;1.0;1;98;RD65/RUE DU MAL FERRAND;M;4698350.0;190817.0;360
201400009821;14;3;20;1200;1;2;1;1.0;1;185;VILLERET;M;0.0;0.0;370
201400009832;14;4;4;1200;1;1;1;1.0;1;55;;M;0.0;0.0;370
201400009863;14;4;17;2100;1;1;1;1.0;5;31;ROUTE DU TAPIS;M;0.0;0.0;370
201400009867;14;7;3;1400;1;2;2;1.0;3;31;RUE DE LA COGNARDERIE;M;0.0;0.0;370
201400009880;14;7;16;1415;1;1;1;1.0;1;14;;M;0.0;0.0;370
201400009908;14;8;16;1145;1;1;1;1.0;2;33;MOULIN DE  HAMEAU;M;0.0;0.0;370
201400009923;14;6;5;1730;1;2;1;1.0;3;61;Routede Chitenay;M;4750000.0;139700.0;410
201400009938;14;7;26;1215;1;1;1;1.0;2;207;;M;4765900.0;150300.0;410
201400009939;14;8;3;1215;1;2;6;7.0;2;220;CD951 rd point super U;M;4771200.0;160400.0;410
201400009964;14;7;4;915;1;2;6;7.0;3;150;Le Croiziou;M;4780470.0;-362815.0;290
201400009975;14;10;31;1845;3;1;1;1.0;1;49;;M;4799521.0;-389036.0;290
201400009984;14;3;6;1815;1;2;6;1.0;2;20;Salvador Alliende;M;0.0;0.0;440
201400009990;14;8;25;1730;1;2;1;1.0;3;199;107 Delattre de Tassigny;M;0.0;0.0;330
201400009999;14;12;20;900;1;1;1;8.0;7;39;;M;0.0;0.0;870
201400010005;14;1;21;1030;1;2;1;1.0;6;4;18, VINGT QUATRE AOUT AV;;;;60
201400010046;14;5;21;1426;1;2;1;1.0;2;155;ROUSTAN AV.ET BD DES FRE;;;;60
201400010069;14;7;28;1345;1;2;3;1.0;3;4;742, GAROUPE BD DE LA;;;;60
201400010071;14;8;2;1700;1;2;3;1.0;3;4;WILSON BD;;;;60
201400010072;14;8;7;1900;1;2;1;1.0;7;4;ONZE NOVEMBRE AV.DU;;;;60
201400010082;14;8;30;1805;1;2;9;1.0;6;4;CHANCEL BD;;;;60
201400010102;14;10;25;1655;1;2;1;1.0;3;4;BORD DE MER RN.98 LA SIE;;;;60
201400010152;14;3;8;1800;1;2;1;1.0;3;123;SAUVAIGO PIERRE AVENUE;;;;60
201400010162;14;4;4;1400;1;2;1;1.0;3;123;DE GAULLE GENERAL AVENUE;;;;60
201400010173;14;4;30;1610;1;2;1;1.0;3;123;227, OSSOLA JEAN BOULEVA;;;;60
201400010184;14;5;23;2100;2;2;1;1.0;6;27;PROMENADE DE L HIPPODROM;;;;60
201400010186;14;5;29;1100;1;2;1;1.0;2;27;PROMENADE DE L HIPPODROM;;;;60
201400010207;14;7;8;840;1;2;1;1.0;3;123;BORD DE MER RN 98;;;;60
201400010213;14;7;16;2030;2;2;1;1.0;3;123;GERBAULT ALAIN PROMENADE;;;;60
201400010221;14;7;31;815;1;2;1;1.0;3;27;105, PLAGE BOULEVARD DE;;;;60
201400010256;14;10;20;1300;1;2;1;1.0;3;27;7, PLAGE BOULEVARD DE LA;;;;60
201400010260;14;10;23;1145;1;2;1;1.0;3;27;87, GRASSE AVENUE DE;;;;60
201400010277;14;12;6;1140;1;2;1;1.0;3;123;BORD DE MER RN 98;;;;60
201400010304;14;3;5;900;1;2;1;1.0;6;29;55, ANTIBES (RUE D');;;;60
201400010341;14;4;27;945;1;2;1;1.0;3;29;CHEVALIER (AVENUE MAURIC;;;;60
201400010346;14;4;29;1337;1;2;1;1.0;6;29;ALSACE ( BOULEVARD D');;;;60
201400010351;14;5;6;1810;1;2;1;1.0;6;29;MIDI (BOULEVARD DU);;;;60
201400010354;14;5;12;855;1;2;1;1.0;7;29;GALLIENI (AVENUE MARECHA;;;;60
201400010365;14;5;20;1750;1;2;1;1.0;3;29;135, JOURDAN (AVENUE MIC;;;;60
201400010367;14;5;21;1614;1;2;1;1.0;6;29;GOLFES (AVENUE DES);;;;60
201400010371;14;5;25;1000;1;2;1;1.0;6;29;TONNER (AVENUE FRANCIS);;;;60
201400010409;14;7;15;1755;1;2;1;1.0;3;29;ROUBINE (AVENUE DE LA);;;;60
201400010423;14;8;11;721;1;2;1;1.0;6;29;MIDI (BOULEVARD DU);;;;60
201400010469;14;10;30;1200;1;2;1;1.0;6;29;BACHAGA SAID BOUALAM (AV;;;;60
201400010489;14;12;12;1224;1;2;1;1.0;6;29;PASTEUR (RUE);;;;60
201400010605;14;5;31;1200;1;2;1;1.0;3;69;x, BAUDOIN (AVENUE YVES;;;;60
201400010625;14;6;23;1555;1;2;1;1.0;3;69;X, PLAN (ROUTE DU) -D304;;;;60
201400010682;14;9;19;1815;1;2;1;1.0;1;69;43, CHEVREFEUILLES (CHEM;;;;60
201400010707;14;10;19;815;1;2;1;1.0;3;69;x, SIDI BRAHIM (AVENUE);;;;60
201400010749;14;12;25;1030;1;2;1;1.0;7;69;31, VALBONNE (ROUTE);;;;60
201400010766;14;4;14;1840;1;2;1;1.0;2;83;FRANCE (AVENUE PORTE DE,;;;;60
201400010802;14;9;23;1743;1;2;1;1.0;3;83;30, DE GAULLE (AVENUE GE;;;;60
201400010837;14;1;10;1500;1;2;1;1.0;6;88;29, CIMIEZ (BD) A PARTIR;;;;60
201400010842;14;1;13;1415;1;2;1;1.0;3;159;0, CAROUBIERS (AVENUE DE;;;;60
201400010877;14;2;2;440;5;2;1;2.0;3;88;27, ANGLAIS (DU N? 1 AU;;;;60
201400010889;14;2;14;800;1;2;2;1.0;3;88;0, FAURE (AV. FELIX);;;;60
201400010891;14;2;14;1555;1;2;1;1.0;3;88;0, FAURE (AV. FELIX);;;;60
201400010937;14;3;7;250;5;2;1;1.0;6;88;450, STE-MARGUERITE (AV.;;;;60
201400010963;14;3;21;1630;1;2;1;1.0;6;88;23, ARMEE DES ALPES (BD;;;;60
201400010974;14;3;24;830;1;2;1;1.0;6;88;27, BARLA (RUE);;;;60
201400011003;14;4;5;1125;1;2;1;1.0;6;88;13, REPUBLIQUE (AV. DE L;;;;60
201400011018;14;4;10;850;1;2;3;1.0;3;88;0, CORNICHE (MOYENNE);;;;60
201400011032;14;4;14;1620;1;2;2;1.0;6;88;0, ROSSINI (R.);;;;60
201400011033;14;4;14;1945;1;2;1;1.0;6;88;0, ANGLAIS PLAGE(  PARTI;;;;60
201400011050;14;4;23;1610;1;2;1;1.0;6;88;5, KARR (R. ALPHONSE);;;;60
201400011057;14;4;25;900;1;2;1;1.0;3;88;0, TURIN (RTE DE);;;;60
201400011059;14;4;29;1128;1;2;1;1.0;6;88;0, PASTEUR (BD);;;;60
201400011070;14;5;7;1600;1;2;1;1.0;6;88;4, RAY (AV. DU);;;;60
201400011148;14;6;6;1120;1;2;2;1.0;3;88;0, RISSO (BD);;;;60
201400011155;14;6;10;1655;1;2;1;1.0;6;88;0, JAURES (BD JEAN);;;;60
201400011206;14;7;5;910;1;2;1;1.0;1;88;0, ANGLAIS (A PARTIR DU;;;;60
201400011219;14;7;10;1910;1;2;1;1.0;6;88;0, THIERS (AV.);;;;60
201400011222;14;7;13;1355;1;2;2;1.0;3;88;BORRIGLIONE (JUSQU'AU N?;;;;60
201400011256;14;7;26;1000;1;2;1;1.0;3;88;45, THIERS (AV.);;;;60
201400011272;14;8;1;2310;5;2;3;1.0;3;88;0, ANGLAIS (DU N? 114 AU;;;;60
201400011357;14;9;15;1035;1;2;1;1.0;3;88;0, ROQUEBILLIERE (R. DE);;;;60
201400011400;14;10;9;1800;1;2;1;1.0;3;88;113, ANGLAIS (N? 113);;;;60
201400011414;14;10;19;1845;1;2;1;1.0;6;88;17, CARNOT (BD);;;;60
201400011418;14;10;21;1510;1;2;2;1.0;3;88;GUYNEMER (PL.);;;;60
201400011420;14;10;22;815;1;2;1;1.0;6;88;32, MALAUSSENA (AV.);;;;60
201400011451;14;11;7;1752;5;2;1;1.0;6;88;57, GAMBETTA (A PARTIR D;;;;60
201400011452;14;11;7;2110;5;2;2;1.0;3;88;0, VERNIER (R.);;;;60
201400011552;14;9;4;545;3;2;1;1.0;1;87;Campagne Man?ou;M;0.0;0.0;130
201400011590;14;7;20;1047;1;2;6;1.0;3;102;0, CRUSSOL (RUE DE);;;;70
201400011595;14;8;8;715;1;2;1;1.0;1;202;Avenue du Languedoc;M;0.0;0.0;110
201400011598;14;4;1;1400;1;2;1;1.0;3;38;rue Salvador Allende;M;0.0;0.0;570
201400011605;14;10;3;1130;1;1;1;1.0;3;41;;M;0.0;0.0;570
201400011610;14;5;23;1540;1;2;3;1.0;3;186;263, SEGUIN (AVENUE MARC;;;;70
201400011612;14;8;5;1925;1;2;1;1.0;2;186;1 TER, MINES (ROUTES DES;;;;70
201400011671;14;6;21;1225;1;1;1;1.0;1;105;D64;M;0.0;0.0;510
201400011681;14;1;17;1115;1;2;1;1.0;3;50;avenue de la Branchoire;M;0.0;0.0;370
201400011685;14;8;27;1100;1;1;6;8.0;3;99;ROND POINT DU PANIER;M;0.0;0.0;370
201400011826;14;1;17;2330;3;1;9;1.0;2;541;;M;0.0;0.0;600
201400011881;14;7;4;1445;1;1;1;1.0;7;182;;M;4811521.0;-96009.0;530
201400011915;14;2;2;1415;1;2;1;8.0;1;484;ROUTE DU CHATEAU D'EAU;M;4368751.0;149601.0;310
201400011916;14;2;17;1900;5;2;1;1.0;3;186;102 route de Fronton;M;4367634.0;142414.0;310
201400011998;14;5;24;1000;1;2;6;1.0;3;114;rond point cd10 et cd 64;M;0.0;0.0;130
201400012004;14;2;25;1630;1;1;1;1.0;3;472;;M;0.0;0.0;670
201400012032;14;11;9;2225;5;1;3;3.0;3;105;4, CAPUCINES RUE;M;4974450.0;471466.0;80
201400012049;14;5;2;1030;1;1;1;1.0;1;11;;M;0.0;0.0;130
201400012051;14;10;11;1530;1;1;1;1.0;1;58;;M;0.0;0.0;130
201400012052;14;11;1;930;1;1;1;7.0;3;11;;M;0.0;0.0;130
201400012117;14;10;28;1230;1;1;6;1.0;3;254;;M;4353011.0;152059.0;310
201400012124;14;2;19;1400;1;1;1;1.0;1;148;26148;M;4527530.0;504130.0;260
201400012125;14;3;1;1100;1;2;9;1.0;3;301;AV GENERAL DE GAULLE;M;0.0;0.0;260
201400012142;14;5;12;1530;1;2;2;1.0;3;79;26079;M;0.0;0.0;260
201400012171;14;9;20;1545;1;1;2;1.0;3;34;26034;M;0.0;0.0;260
201400012172;14;9;21;1145;1;2;1;1.0;1;72;26072;M;0.0;0.0;260
201400012214;14;4;3;736;1;2;2;1.0;3;409;LAC (ESPLANADE DU);M;4969270.0;494196.0;80
201400012228;14;6;2;1645;1;1;1;1.0;5;45;;M;0.0;0.0;130
201400012244;14;8;22;1015;1;2;6;1.0;2;486;rond point du rondeau;M;4515931.0;569603.0;380
201400012245;14;9;7;945;1;2;1;1.0;3;485;G?n?ral de Gaulle;M;0.0;0.0;380
201400012250;14;6;16;1930;1;1;1;1.0;7;191;;M;0.0;0.0;380
201400012251;14;6;15;1030;1;1;1;1.0;6;550;;M;0.0;0.0;380
201400012252;14;6;29;1900;1;1;1;1.0;6;191;;M;4507830.0;605053.0;380
201400012253;14;7;18;1030;1;1;1;1.0;1;52;;M;0.0;0.0;380
201400012255;14;8;10;1115;1;1;1;1.0;7;289;;M;4520800.0;607100.0;380
201400012430;14;11;16;1500;1;2;6;1.0;1;81;AV SARDAGNE ET TRAPPIER;M;0.0;0.0;740
201400012434;14;4;25;1145;1;1;1;1.0;1;485;;M;0.0;0.0;590
201400012471;14;1;8;745;5;2;6;1.0;1;600;bd de la république;M;4865600.0;245000.0;910
201400012474;14;9;3;1400;1;2;1;1.0;3;617;rue du bicheriot;M;0.0;0.0;910
201400012476;14;7;5;1330;1;1;1;1.0;3;253;;M;0.0;0.0;380
201400012550;14;7;19;900;1;1;1;1.0;7;90;;M;4209844.0;872431.0;201
201400012557;14;3;14;1600;1;1;1;1.0;2;431;;M;4526292.0;584226.0;380
201400012562;14;9;7;1145;1;1;1;1.0;3;39;;M;4527071.0;584116.0;380
201400012571;14;10;20;1415;1;2;1;1.0;3;85;1318 chemin des peyroues;M;0.0;0.0;60
201400012579;14;3;11;800;1;1;6;1.0;3;122;;M;4474600.0;-76400.0;330
201400012638;14;10;2;1745;1;1;1;1.0;1;256;;M;4546678.0;416479.0;420
201400012649;14;12;4;2300;5;1;1;2.0;2;45;D17;M;0.0;0.0;910
201400012661;14;9;13;1115;1;1;1;1.0;6;614;D26;M;0.0;0.0;510
201400012671;14;5;21;1745;1;1;1;1.0;6;152;;M;0.0;0.0;60
201400012681;14;5;20;1415;1;2;6;1.0;5;168;D433;M;4584300.0;483400.0;690
201400012688;14;6;7;1315;1;2;1;1.0;1;244;rue de boyer;M;0.0;0.0;690
201400012721;14;5;16;915;1;1;3;1.0;3;116;;M;4376200.0;352100.0;340
201400012724;14;1;15;1115;1;2;6;1.0;3;266;ROND POINT CAISSE EPARGN;M;4633590.0;512671.0;10
201400012768;14;9;30;700;3;1;1;5.0;2;210;;M;4815024.0;-173044.0;350
201400012770;14;8;19;1245;1;1;9;1.0;3;240;;M;4750768.0;-277186.0;560
201400012802;14;6;17;1300;1;1;1;1.0;3;333;;M;0.0;0.0;340
201400012805;14;8;12;1800;1;1;6;1.0;3;337;;M;4389900.0;349700.0;340
201400012808;14;12;6;1030;1;1;1;2.0;1;337;;M;0.0;0.0;340
201400012825;14;7;13;900;1;1;6;1.0;3;69;;M;0.0;0.0;130
201400012830;14;8;8;1045;1;1;1;1.0;1;85;;M;4492671.0;669707.0;50
201400012875;14;1;28;2139;5;2;6;1.0;3;387;ROBERT GALLEY (RUE);M;4828990.0;406707.0;100
201400012877;14;3;11;1119;1;2;6;1.0;3;387;ROBERT GALLEY (PLACE);M;4829001.0;406742.0;100
201400012897;14;6;10;1750;1;2;1;1.0;6;297;TIRVERTS (RUE);M;4831883.0;408705.0;100
201400012907;14;9;12;1125;1;2;2;1.0;3;387;LUCIEN MOREL PAYEN (RUE);M;4829689.0;407549.0;100
201400012912;14;10;4;2130;5;2;6;1.0;3;387;GEORGES POMPIDOU (RUE);M;4829653.0;409410.0;100
201400012931;14;5;28;1545;1;1;1;1.0;3;152;;M;0.0;0.0;670
201400012934;14;9;3;1200;1;2;1;1.0;1;152;chemin de la hardt;M;0.0;0.0;670
201400012936;14;12;15;745;2;2;1;8.0;3;152;rue du coll?ge;M;0.0;0.0;670
201400012939;14;2;11;1200;1;2;2;1.0;1;256;D63;M;0.0;0.0;670
201400012941;14;3;22;1315;1;2;1;1.0;6;343;3, rue Erckmann Chatrian;M;4861000.0;768700.0;670
201400012947;14;9;19;1345;1;1;9;1.0;2;309;;M;0.0;0.0;670
201400012948;14;10;1;1545;1;2;1;1.0;1;343;Route D?partementale 41;M;0.0;0.0;670
201400012949;14;10;4;1430;1;2;1;1.0;3;506;13 rue g?n?ral leclerc;M;0.0;0.0;670
201400012956;14;6;29;1045;1;2;1;1.0;1;112;;M;0.0;0.0;60
201400013032;14;1;23;712;2;1;1;1.0;1;69;CITE -CHEMIN-;M;4319961.0;235274.0;110
201400013062;14;4;14;751;1;2;1;1.0;3;69;CHARLEMAGNE -ROND POINT;M;4319729.0;235789.0;110
201400013071;14;4;30;1550;1;1;1;1.0;3;69;VEDRINES JULES;M;4321340.0;230403.0;110
201400013086;14;5;28;150;3;2;1;1.0;7;69;IENA -ALLEE D- N IMPAI;M;4321324.0;234506.0;110
201400013098;14;7;1;1125;1;2;1;1.0;1;69;SEMARD PIERRE -AVENUE-;M;4321498.0;234102.0;110
201400013119;14;8;29;941;1;2;1;1.0;3;69;LIMOUX -ROUTE DE - JUSQU;M;4320645.0;233471.0;110
201400013165;14;1;7;1205;1;2;2;1.0;3;262;FERROUL (BOULEVARD  DOCT;M;4318077.0;300482.0;110
201400013168;14;11;16;1740;2;2;1;1.0;6;262;0, DIGEON (PLACE EMILE);M;4318110.0;300445.0;110
201400013186;14;5;5;1445;1;2;1;1.0;6;262;JACOBINS (RUE ET PLACE D;M;4318186.0;300430.0;110
201400013195;14;5;24;711;1;2;1;1.0;3;262;FRANCE (AVENUE ANATOLE);M;4318684.0;299119.0;110
201400013206;14;8;12;1245;1;2;1;1.0;2;262;0, COLONNES (GIRATOIRES;M;4318150.0;303005.0;110
201400013207;14;9;12;1225;1;2;1;1.0;7;262;0, GRUISSAN (ROUTE DE);M;4317841.0;302155.0;110
201400013218;14;3;26;1910;2;2;6;1.0;3;262;MALARD (GIRATOIRE DE);M;4318698.0;303136.0;110
201400013223;14;4;5;1020;1;2;1;1.0;6;262;ELYSIQUES (VOIES DES);M;4318538.0;297935.0;110
201400013237;14;5;17;1807;1;2;1;1.0;3;262;0, MARAUSSAN (BOULEVARD;M;4317492.0;300574.0;110
201400013252;14;7;21;1250;1;2;1;1.0;3;262;0, REVERDY (RUE PIERRE);M;4317989.0;299370.0;110
201400013257;14;8;30;1935;1;2;1;1.0;3;262;REMPARTS (RUE DES);M;4318037.0;300298.0;110
201400013261;14;9;18;1350;1;2;1;1.0;7;262;BORDEAUX (AVENUE DE);M;4318182.0;298548.0;110
201400013270;14;10;10;1605;1;2;1;1.0;2;262;GRUISSAN (ROUTE DE);M;4317983.0;301849.0;110
201400013272;14;10;13;1745;1;2;1;1.0;3;262;0, MARAUSSAN (BOULEVARD;M;4317562.0;299960.0;110
201400013284;14;11;26;1308;1;2;1;1.0;3;262;0, ELYSIQUES (VOIES DES);M;4318472.0;297893.0;110
201400013285;14;12;14;1750;3;2;1;1.0;6;262;0, GRUISSAN (ROUTE DE);M;4317726.0;304333.0;110
201400013324;14;4;15;1730;1;2;6;1.0;2;209;;M;0.0;0.0;740
201400013369;14;2;16;1120;1;2;1;1.0;6;146;38, MILLAU (AVENUE DE);M;4434520.0;258002.0;120
201400013401;14;11;20;1740;5;2;6;1.0;3;176;SEVERAC LE CHATEAU (ROUT;;;;120
201400013405;14;1;7;945;1;1;3;1.0;3;68;;M;0.0;0.0;600
201400013545;14;9;22;810;1;2;2;1.0;5;4;21, GAMBETTA RUE;M;4367497.0;462501.0;130
201400013547;14;9;26;1700;1;2;1;1.0;6;4;18, DOCTEUR FANTON RUE D;M;4367812.0;462684.0;130
201400013561;14;12;1;1300;1;2;2;2.0;6;4;MARECHAL LYAUTEY AVENUE;M;4367120.0;463310.0;130
201400013565;14;1;3;1445;1;2;3;1.0;3;5;420, RN 8;M;4328634.0;558729.0;130
201400013566;14;1;6;750;1;2;1;1.0;3;5;D8N;M;4328481.0;559198.0;130
201400013587;14;2;18;1050;1;2;1;1.0;3;5;., SALENGRO (AVENUE ROGE;;;;130
201400013591;14;3;5;1520;1;1;2;1.0;3;5;RD 396 (ROUTE NATIONALE);M;4330872.0;560810.0;130
201400013598;14;3;19;1315;1;2;9;1.0;7;5;AIRES NOUVEAUX (TRAVERSE;;;;130
201400013616;14;5;3;1700;1;2;1;1.0;2;5;GEMENOS (ROUTE DE RD2);;;;130
201400013618;14;5;11;1940;1;2;6;1.0;6;5;VERDUN (AVENUE DE);;;;130
201400013659;14;8;8;1440;1;2;1;1.0;6;5;RD 43 C;;;;130
201400013665;14;8;20;750;1;2;1;1.0;2;5;1, NATIONALE 8;;;;130
201400013726;14;2;17;830;1;1;1;7.0;3;28;CD 559;M;0.0;0.0;130
201400013732;14;5;4;1415;1;2;3;1.0;3;28;CD 559;M;4319071.0;564089.0;130
201400013734;14;5;28;1900;1;2;2;7.0;3;28;LORRAINE (AVENUE DE);M;4318739.0;562017.0;130
201400013744;14;8;26;1850;1;2;6;7.0;3;28;ROVARCH (AVENUE PIERRE);M;4319191.0;560472.0;130
201400013752;14;10;19;1030;1;1;1;1.0;3;28;CD.559;;;;130
201400013759;14;11;6;830;1;1;1;1.0;3;28;CD 559;;;;130
201400013784;14;9;17;945;1;2;1;1.0;6;368;Rue Christian Pouillard;M;0.0;0.0;780
201400013848;14;12;9;1655;1;2;1;1.0;6;55;12, VOI LA CANEBIERE;M;4329550.0;537511.0;130
201400013887;14;12;31;1310;1;2;4;1.0;6;55;00, QAI DE RIVE NEUVE;M;4329222.0;536321.0;130
201400014044;14;1;28;1800;5;2;3;2.0;3;75;98, FREDERIC MISTRAL (AV;M;4335113.0;547181.0;130
201400014052;14;2;14;950;1;2;3;1.0;6;55;84, RUE SAINT ANTOINE;M;4337036.0;535625.0;130
201400014054;14;2;15;1500;1;2;1;1.0;6;55;31, RUE DE LA REINE ELIS;M;4329680.0;537437.0;130
201400014070;14;1;13;1715;5;2;1;2.0;3;55;1, AVE DE LA BARQUIERE;;;;130
201400014146;14;2;23;1400;1;2;1;1.0;6;55;227, RUE DU TERRAIL;;;;130
201400014155;14;2;6;850;1;1;1;1.0;6;55;82, AVE DE HAMBOURG;M;4325073.0;538848.0;130
201400014227;14;3;11;1415;1;2;2;1.0;2;55;90, BD DES DAMES;M;4330289.0;536753.0;130
201400014250;14;2;22;1440;1;2;1;1.0;6;55;30, BD JEAN MOULIN;M;4329003.0;539985.0;130
201400014288;14;3;16;1254;1;2;1;1.0;2;55;RPT JANE CASTINEL;M;4331695.0;543684.0;130
201400014323;14;3;10;1735;1;2;1;1.0;6;55;425, BD ROMAIN ROLLAND;;;;130
201400014340;14;3;14;1715;1;2;1;1.0;6;55;112, AVE CAMILLE PELLETA;M;4330836.0;537410.0;130
201400014389;14;4;12;2240;5;2;3;1.0;3;55;179, BD NATIONAL;M;4330887.0;538059.0;130
201400014431;14;4;3;1600;1;2;3;1.0;6;55;424, BD MICHELET;M;4325300.0;540206.0;130
201400014477;14;4;6;1210;1;2;1;1.0;6;55;87, BD DES FAUVETTES;M;4331689.0;543865.0;130
201400014517;14;4;6;1300;1;2;1;1.0;6;55;41, AVE DE HAMBOURG;M;4325279.0;538569.0;130
201400014567;14;3;26;1310;1;2;1;1.0;6;55;38, RUE JEAN MERMOZ;M;4327672.0;538717.0;130
201400014607;14;4;24;1850;1;2;1;1.0;6;55;212, VSN PRADO CASTELLAN;;;;130
201400014653;14;5;10;2205;5;2;3;1.0;3;55;189, RUE SAINT PIERRE;M;4329233.0;539692.0;130
201400014666;14;5;15;1830;1;2;1;1.0;2;55;306, BD DE SAINT MARCEL;M;4328624.0;547353.0;130
201400014724;14;5;12;910;1;2;1;1.0;1;55;61, RUE PAUL LANGEVIN;M;4334335.0;543164.0;130
201400014745;14;5;2;900;1;2;1;1.0;6;55;40, BD VOLTAIRE;M;4330269.0;538435.0;130
201400014758;14;5;23;1720;1;2;3;1.0;3;55;01, AVE SOLE MIO;;;;130
201400014792;14;4;22;1830;1;2;1;1.0;6;55;91, ALL DE LA ROUGUIERE;M;4329760.0;545774.0;130
201400014803;14;6;2;540;2;2;1;1.0;6;55;69, BD BAILLE;M;4328731.0;538891.0;130
201400014805;14;6;2;1100;1;2;1;1.0;6;55;14, RUE FRANCOIS MAURIAC;M;4327832.0;541648.0;130