Num_Acc;an;mois;jour;hrmn;lum;agg;int;atm;col;com;adr;gps;lat;long;dep
201400023213;14;4;28;900;1;2;1;1.0;3;69;88 RTE GRENADE/ PASTEUR;M;4363437.0;139135.0;310
201400023219;14;4;30;2355;5;2;3;1.0;6;555;999, AV DE L URSS;;;;310
201400023232;14;5;14;715;1;2;1;1.0;3;555;999, PONT GARIGLIANO;;;;310
201400023236;14;5;16;745;1;2;1;1.0;1;149;ROUERGUE (ALLEE DU);M;4360942.0;133018.0;310
201400023244;14;5;18;1725;1;2;1;1.0;3;555;20, GRANDE RUE SAINT MIC;;;;310
201400023252;14;4;18;1340;1;2;1;1.0;6;555;42, RUE MATABIAU;;;;310
201400023253;14;5;16;1400;1;2;1;1.0;6;555;15, RUE DE LA REPUBLIQUE;;;;310
201400023254;14;5;18;1730;1;2;1;1.0;6;555;82, RTE DE BAYONNE;;;;310
201400023259;14;5;24;2345;5;2;6;1.0;6;555;999, AV ETIENNE BILLIERE;;;;310
201400023315;14;6;20;1620;1;2;1;1.0;3;555;999, BD DE BONREPOS;;;;310
201400023319;14;6;24;900;1;2;1;1.0;6;555;19, AV CAMILLE PUJOL;;;;310
201400023320;14;6;24;1330;1;2;1;1.0;5;555;999, AV M BOURGES MAUNOU;;;;310
201400023326;14;6;28;2030;1;2;1;1.0;3;555;999, AV DE LYON;;;;310
201400023330;14;7;1;1215;1;2;3;1.0;3;555;16, RUE DU REMPART ST ET;;;;310
201400023332;14;7;1;1120;1;2;1;1.0;3;555;999, BD DE LA MARQUETTE;;;;310
201400023333;14;7;1;1510;1;2;1;1.0;6;149;2 PIBRAC (ROUTE DE);M;4361325.0;132251.0;310
201400023335;14;7;2;2117;2;2;8;1.0;3;555;ALL MAURICE SARRAUT;;;;310
201400023352;14;7;14;1515;1;2;1;1.0;1;555;0, BD DE GENEVE;;;;310
201400023363;14;7;22;1535;1;2;1;1.0;3;555;999, AV DE LARDENNE;;;;310
201400023365;14;7;22;2010;1;2;6;1.0;3;555;131, RTE DE LAUNAGUET;;;;310
201400023377;14;8;1;1815;1;2;1;1.0;2;555;100, BD SILVIO TRENTIN;;;;310
201400023416;14;8;28;1125;1;2;3;1.0;6;149;SIGAL (CH)/AL BLANQUETTE;M;4360610.0;132785.0;310
201400023442;14;9;11;1310;1;2;2;1.0;3;555;999, RUE GABRIEL PERI;;;;310
201400023447;14;9;12;1650;1;2;1;1.0;2;555;999, R-PT EUGENE CLAUDIU;;;;310
201400023451;14;9;11;830;1;2;1;1.0;3;557;275, LARDENNE (AV DE);M;4358991.0;137632.0;310
201400023455;14;9;12;1755;1;2;1;1.0;1;69;SERVANTY (AV LUCIEN);M;4362526.0;139811.0;310
201400023461;14;9;22;1125;1;2;1;1.0;3;555;33, AV ETIENNE BILLIERES;;;;310
201400023464;14;9;23;555;1;2;6;1.0;3;557;AV JAURES/CH ST EXUPERY;M;4358851.0;135881.0;310
201400023484;14;9;29;840;1;2;2;1.0;3;555;RUE PAUL BERNIES;;;;310
201400023499;14;10;4;1000;1;2;1;1.0;3;555;999, AV JEAN RIEUX;;;;310
201400023511;14;10;7;2300;5;2;1;1.0;3;555;999, PL DE LA PATTE D OI;;;;310
201400023513;14;10;8;818;4;2;1;1.0;3;555;33, AV DES MAZADES;;;;310
201400023516;14;10;8;805;1;2;6;1.0;3;149;BRUNAUD (AVENUE YVES);M;4361399.0;135304.0;310
201400023525;14;10;14;1745;4;2;1;1.0;3;555;999, RUE CAMBARD;;;;310
201400023526;14;10;15;725;2;2;1;1.0;3;555;999, ALL DE BARCELONE;;;;310
201400023527;14;10;15;755;2;2;1;1.0;3;555;3, RUE ANDRE VILLET;;;;310
201400023529;14;10;15;1355;1;2;1;1.0;1;555;8, RUE DU POIDS DE L HUI;;;;310
201400023531;14;10;15;1600;1;2;1;1.0;3;555;999, PONT GEORGES POMPID;;;;310
201400023534;14;10;19;415;5;2;1;1.0;2;555;39, BD LASCROSSES;;;;310
201400023557;14;10;29;805;1;2;1;1.0;3;555;6, RUE CLAUDE GONIN;;;;310
201400023562;14;10;29;1830;5;2;2;1.0;3;555;999, PONT NEUF;;;;310
201400023582;14;11;14;1845;5;2;1;3.0;3;555;ALL FORAIN FRANCOIS VERD;;;;310
201400023596;14;11;19;1240;1;2;1;1.0;3;555;999, RD PT JJ LAFFONT;;;;310
201400023597;14;11;19;1415;1;1;1;1.0;3;555;., VA007331 A620;;;;310
201400023600;14;11;20;1805;5;2;1;1.0;3;555;51, AV DE L URSS;;;;310
201400023602;14;11;21;1020;1;2;1;1.0;6;555;999, RUE DE LA REPUBLIQU;;;;310
201400023607;14;11;20;850;1;2;1;1.0;3;555;999, RUE CARLOS GARDEL;;;;310
201400023614;14;11;25;1700;1;2;1;1.0;2;555;26, BD LASCROSSES;;;;310
201400023616;14;11;25;1905;5;2;1;1.0;6;555;61, RUE DE BAYARD;;;;310
201400023645;14;12;11;1645;1;2;6;2.0;3;69;RP MATISSE/CH GRENADE;M;4363738.0;139073.0;310
201400023650;14;12;16;1925;5;2;1;1.0;1;555;80, AV DE LA COLONNE;;;;310
201400023681;14;8;11;1715;1;1;6;1.0;3;310;;M;4813262.0;731862.0;680
201400023787;14;12;16;1840;5;1;1;2.0;3;13;JEAN JAURES (AVENUE);M;4366450.0;59539.0;320
201400023833;14;3;17;1515;1;1;1;1.0;1;529;., RD 259;;;;330
201400023850;14;8;25;1530;1;1;1;1.0;6;529;BISCAROSSE (AVE) DUNE VE;;;;330
201400023851;14;9;8;1014;1;1;1;1.0;6;529;., BONDON (RPT);;;;330
201400023855;14;9;25;1730;1;2;2;1.0;3;9;., GAMBETTA (AVE) DU 01;;;;330
201400023859;14;10;16;1945;5;2;1;1.0;6;529;83, DE GAULLE (AVE CHARL;;;;330
201400023860;14;10;25;1210;1;2;2;1.0;3;9;RAPP (AVE);;;;330
201400023864;14;11;27;930;1;1;1;1.0;3;9;., ALBERT 1ER (RUE);;;;330
201400023869;14;8;8;1815;1;1;1;1.0;1;188;LES LINDARETS;M;0.0;0.0;740
201400023877;14;1;2;745;2;2;3;2.0;3;63;QUAI DE LA SOUYS;;;;330
201400023878;14;1;2;1650;1;2;3;1.0;3;63;RUE DE PESSAC;;;;330
201400023879;14;12;31;2000;5;2;1;1.0;3;63;27, RUE DOC CHARLES NANC;;;;330
201400023884;14;1;2;1630;1;2;1;1.0;3;281;24, AVE DE LA SOMME;;;;330
201400023891;14;1;12;1445;1;2;2;1.0;3;63;RUE STEHELIN CAUD;;;;330
201400023899;14;1;12;1406;1;2;2;1.0;3;281;AVE DU MARECHAL GALLIENI;;;;330
201400023907;14;1;16;1450;1;2;3;1.0;3;63;70, CRS D'ALBRET;;;;330
201400023913;14;1;10;740;2;2;3;1.0;3;318;AVE DE MONBALLON;;;;330
201400023935;14;1;20;1550;1;2;6;2.0;3;200;RUE VICTOR HUGO;;;;330
201400023937;14;1;10;835;1;2;1;1.0;3;522;351, CRS DE LA LIBERATIO;;;;330
201400023942;14;1;26;225;5;2;4;2.0;1;63;RUE DOC CHARLES NANCEL P;;;;330
201400023948;14;1;20;1455;1;2;3;1.0;3;522;RUE DE LA REPUBLIQUE;;;;330
201400023954;14;1;30;1310;1;2;3;1.0;3;63;RUE CROIX DE SEGUEY;;;;330
201400023955;14;1;28;805;1;2;1;2.0;3;281;221, AVE DE L'ARGONNE;;;;330
201400023956;14;1;27;745;4;2;6;3.0;3;63;CRS DE L'ARGONNE;;;;330
201400023964;14;2;3;1015;1;2;3;1.0;6;63;14, CRS DE LA SOMME;;;;330
201400023965;14;1;30;745;5;2;4;1.0;6;281;AVE PIERRE MENDES FRANCE;;;;330
201400023970;14;2;6;920;1;2;3;2.0;3;63;74BIS, RUE FRANCOIS DE S;;;;330
201400023978;14;1;30;1737;1;2;4;1.0;1;522;ALL PIERRE DE COUBERTIN;;;;330
201400023985;14;2;4;1735;1;2;3;1.0;3;39;62, RTE DE TOULOUSE;;;;330
201400023990;14;2;12;2015;5;2;2;2.0;3;63;SOURDIS (RUE FRANCOIS DE;;;;330
201400023999;14;2;11;1740;1;2;1;2.0;6;69;53, AVE LEON BLUM;;;;330
201400024013;14;2;24;915;1;2;2;1.0;5;63;RUE DE BEGLES;;;;330
201400024015;14;2;24;1640;1;2;1;1.0;3;63;22, RUE GEORGES BOUBES;;;;330
201400024024;14;2;26;2005;5;2;6;1.0;3;522;RUE PIERRE NOAILLES;;;;330
201400024040;14;3;5;1820;2;2;6;1.0;3;318;AVE MAL DE LATTRE DE TAS;;;;330
201400024054;14;3;11;1700;1;2;2;1.0;3;162;AVE DU TAILLAN-MEDOC;;;;330
201400024055;14;3;11;1345;1;2;2;1.0;3;318;AVE PIERRE CORNEILLE;;;;330
201400024075;14;3;19;1840;1;2;2;1.0;3;39;AVE DU PROFESSEUR BERGON;;;;330
201400024091;14;3;24;1720;1;2;3;2.0;3;63;AVE DE LA REPUBLIQUE CAU;;;;330
201400024105;14;4;1;1850;1;2;2;1.0;3;63;RUE LACORNEE;;;;330
201400024109;14;4;3;1015;1;2;4;2.0;3;63;DESCHAMPS (QUAI );;;;330
201400024122;14;4;7;1915;1;2;3;1.0;3;63;CROIX (QUAI SAINTE-);;;;330
201400024125;14;4;8;1320;1;2;2;1.0;3;63;CRS DE L'ARGONNE;;;;330
201400024128;14;4;9;1020;1;2;7;1.0;6;63;CRS DU CHAPEAU ROUGE;;;;330
201400024133;14;4;10;935;1;2;2;1.0;2;63;31, RUE CAMILLE GODARD;;;;330
201400024141;14;4;12;1505;1;2;2;1.0;1;63;TONDU (RUE DU);;;;330
201400024142;14;4;12;2214;5;2;1;1.0;2;63;52, PASTEUR (CRS );;;;330
201400024155;14;4;17;1750;1;2;3;1.0;3;63;BD ALFRED DANEY;;;;330
201400024171;14;4;24;1800;1;2;1;1.0;3;192;36, RUE DU BOURDILLAT;;;;330
201400024189;14;5;4;1215;1;2;6;1.0;3;281;AVE FRANCOIS MITTERRAND;;;;330
201400024191;14;5;5;915;1;2;3;1.0;3;281;RUE PROSPER MERIMEE;;;;330
201400024203;14;5;7;1715;1;2;2;1.0;3;522;RUE DE MEGRET;;;;330
201400024218;14;5;12;1715;1;2;1;1.0;2;522;65, AVE MARECHAL LECLERC;;;;330
201400024226;14;5;14;2115;5;2;1;1.0;3;63;78-80, QUAI DES CHARTRON;;;;330
201400024234;14;5;16;1950;1;2;3;1.0;3;63;21-23, RUE ALFRED DE VIG;;;;330
201400024236;14;5;14;950;1;2;3;1.0;3;318;92 Bis, AVE DE NOES;;;;330
201400024238;14;5;17;1615;1;2;3;1.0;3;162;AVE DE L'HIPPODROME;;;;330
201400024243;14;5;20;800;1;2;1;2.0;3;550;AVE DES PYRENEES;;;;330
201400024255;14;5;23;1445;1;2;6;1.0;3;63;RUE FURTADO;;;;330
201400024261;14;5;26;1830;1;2;3;1.0;3;281;RUE MARIE MARVINGT;;;;330
201400024271;14;5;30;1520;1;2;1;1.0;3;281;6, AVE DE L'YSER;;;;330
201400024275;14;6;1;140;5;2;2;1.0;3;63;CRS D'ALSACE ET LORRAINE;;;;330
201400024277;14;6;2;910;1;2;3;1.0;3;318;RUE BERNARD PALISSY;;;;330
201400024284;14;6;5;1830;1;2;2;1.0;3;63;RUE AMEDEE SAINT-GERMAIN;;;;330
201400024285;14;6;5;830;1;2;6;1.0;3;249;RUE DE LA BUTTINIERE;;;;330
201400024290;14;6;9;1540;1;2;2;1.0;3;63;CRS ARISTIDE BRIAND;;;;330
201400024291;14;6;9;1820;1;2;1;1.0;3;63;BRETELLE D'ACCES (pr?cis;;;;330
201400024298;14;6;12;925;1;2;2;1.0;3;167;PLACE DE LA SOUYS;;;;330
201400024299;14;6;12;1425;1;2;2;1.0;3;63;49, RUE MOUNEYRA;;;;330
201400024304;14;6;13;1110;1;2;3;1.0;5;39;RUE FERDINAND BUISSON;;;;330
201400024306;14;6;14;1250;1;2;3;1.0;3;63;ACHARD (RUE );;;;330
201400024311;14;6;18;735;2;2;6;1.0;3;39;RUE DES FRERES LUMIERE;;;;330
201400024323;14;6;21;2315;5;2;3;1.0;3;63;RUE BOUFFARD;;;;330
201400024330;14;6;23;1645;1;2;1;1.0;3;63;RUE STEHELIN CAUD;;;;330
201400024335;14;6;25;720;1;2;3;1.0;3;318;AVE DE BEUTRE;;;;330
201400024357;14;7;1;2340;3;2;1;1.0;6;75;PONTS (AVE DES 4);;;;330
201400024358;14;7;1;1255;1;2;1;1.0;3;63;21, MOUNEYRA (RUE );;;;330
201400024361;14;7;2;1330;1;2;1;1.0;3;318;290, AVE JEAN JAURES;;;;330
201400024365;14;7;4;942;1;2;2;1.0;3;281;RUE DEMEULIN;;;;330
201400024367;14;6;30;945;1;2;6;1.0;3;167;ENTREE ROCADE N?24;;;;330
201400024371;14;7;7;1225;1;2;2;1.0;3;63;CRS D'ALBRET;;;;330
201400024373;14;7;7;1710;1;2;2;1.0;3;32;RUE MAL DE LATTRE DE TAS;;;;330
201400024377;14;7;8;1000;1;2;3;2.0;2;281;AVE DE LA GARE;;;;330
201400024381;14;7;7;830;1;2;2;1.0;3;281;AVE FRANCOIS MITTERRAND;;;;330
201400024389;14;7;16;1940;1;2;2;1.0;1;69;191, AVE DE LA LIBERATIO;;;;330
201400024409;14;7;26;740;1;2;2;5.0;3;550;CHEM DU PAS DE LA COTE;;;;330
201400024419;14;7;30;10;4;1;3;1.0;2;63;AVE DE LABARDE;;;;330
201400024420;14;7;30;1945;1;2;3;1.0;3;63;RUE DE CAPEYRON CAUD;;;;330
201400024436;14;8;7;1625;1;2;4;1.0;3;119;IMP PELLETAN;;;;330
201400024437;14;8;8;115;5;2;1;1.0;7;63;59, RUE SAINTE- CATHERIN;;;;330
201400024447;14;8;13;1500;1;2;3;1.0;6;39;RTE DE TOULOUSE;;;;330
201400024452;14;8;17;1845;1;2;1;1.0;6;63;RUE LAMOUROUS;;;;330
201400024453;14;8;18;1918;1;2;2;1.0;3;63;AVE D'ARES CAUD;;;;330
201400024464;14;8;22;1450;1;2;3;1.0;3;63;QUAI DE LA SOUYS;;;;330
201400024466;14;8;23;2010;1;2;4;1.0;3;63;377, WILSON (BD DU PRESI;;;;330
201400024475;14;8;27;1430;1;2;6;1.0;3;550;RUE PABLO NERUDA;;;;330
201400024476;14;8;28;845;1;2;3;1.0;2;281;AVE DE VERDUN;;;;330
201400024485;14;9;2;1700;1;2;2;1.0;3;63;CRS D'ALBRET;;;;330
201400024490;14;9;4;750;1;2;3;1.0;3;167;0, AVE SALVADOR ALLENDE;;;;330
201400024491;14;9;4;923;1;2;6;1.0;3;63;PCE BIR HAKEIM;;;;330
201400024492;14;9;4;800;1;2;2;1.0;3;318;AVE PEY BERLAND;;;;330
201400024498;14;9;4;1630;1;2;3;1.0;6;63;CRS PASTEUR;;;;330
201400024500;14;9;5;840;1;2;3;1.0;3;281;AVENUE DU CHATEAU D'EAU;;;;330
201400024515;14;9;9;1700;1;2;1;1.0;3;63;68, BD MARECHAL LECLERC;;;;330
201400024516;14;9;9;1654;1;2;3;1.0;3;63;AVE CHARLES DE GAULLE CA;;;;330
201400024517;14;9;9;1850;1;2;6;1.0;3;63;BD ANDRE RICARD;;;;330
201400024519;14;9;9;2040;5;2;1;1.0;5;192;RUE DU MOULINEAU;;;;330
201400024521;14;9;10;1017;1;2;1;1.0;3;63;17, RUE DU GRAND LEBRUN;;;;330
201400024522;14;9;10;915;1;2;3;1.0;1;63;RUE CAPDEVILLE;;;;330
201400024531;14;9;13;858;1;2;2;1.0;3;63;CRS DU MEDOC;;;;330
201400024533;14;9;13;1130;1;2;2;1.0;3;63;RUE MOUNEYRA;;;;330
201400024536;14;9;13;1745;1;2;6;1.0;2;318;AVE LEON BLUM;;;;330
201400024537;14;9;13;2200;5;2;2;1.0;3;63;CRS DE L'YSER;;;;330
201400024544;14;9;16;900;1;2;1;1.0;3;522;235, AVE DE THOUARS;;;;330
201400024556;14;9;19;830;1;2;2;1.0;3;200;RUE BERNARD DE GIRARD;;;;330
201400024557;14;9;19;955;1;2;3;1.0;2;63;RUE DE CAUDERES;;;;330
201400024561;14;9;21;1050;1;2;3;1.0;1;63;QUAI DESCHAMPS;;;;330
201400024568;14;9;23;730;1;2;2;1.0;3;63;CRS DE L'ARGONNE;;;;330
201400024571;14;9;23;1630;1;2;5;1.0;3;63;28, RUE LE CHAPELIER;;;;330
201400024574;14;9;23;1840;1;2;3;1.0;3;249;RUE JOACHIM DU BELLAY;;;;330
201400024580;14;9;24;1310;1;2;3;1.0;3;63;BD PIERRE 1ER;;;;330
201400024583;14;9;24;1835;1;2;1;1.0;3;63;137, RUE FONDAUDEGE;;;;330
201400024584;14;9;23;1600;1;2;2;1.0;6;63;RTE DE TOULOUSE;;;;330
201400024590;14;9;26;1838;1;2;1;1.0;6;63;10, RUE DES PILIERS DE T;;;;330
201400024595;14;9;26;855;2;2;1;1.0;3;63;84, BD MARECHAL LECLERC;;;;330
201400024601;14;9;29;1640;1;2;1;1.0;1;281;117 bis, AVE DE MAGUDAS;;;;330
201400024602;14;9;29;1850;1;2;1;1.0;5;63;103, AVE DU GENERAL LECL;;;;330
201400024604;14;9;30;750;1;2;6;1.0;3;63;RUE DE BETHMANN;;;;330
201400024609;14;10;1;1340;1;2;2;1.0;3;522;RUE LAFITTE;;;;330
201400024612;14;10;1;1625;1;2;6;1.0;3;63;RUE FRANCIS JAMMES;;;;330
201400024614;14;10;1;2200;5;2;1;1.0;7;63;38, RUE CHARLES DOMERCQ;;;;330
201400024615;14;9;27;850;1;2;2;1.0;3;522;CRS GAMBETTA;;;;330
201400024619;14;10;2;1710;1;2;6;1.0;3;550;AVE DU MARECHAL LECLERC;;;;330
201400024620;14;10;2;1920;1;2;2;1.0;3;249;BD ODILON REDON;;;;330
201400024626;14;10;4;910;1;2;2;1.0;3;318;RUE NUNGESSER;;;;330
201400024629;14;10;5;1450;1;2;5;1.0;3;63;PCE AMELIE RABA LEON;;;;330
201400024630;14;10;6;645;1;2;6;1.0;2;281;AVE ROLAND GARROS;;;;330
201400024631;14;10;6;805;1;2;4;1.0;6;63;CRS DE L'YSER;;;;330
201400024634;14;10;6;1705;1;2;3;1.0;3;281;AVE DE BELFORT;;;;330
201400024643;14;10;8;1425;1;2;3;1.0;6;63;QUAI RICHELIEU;;;;330
201400024645;14;10;8;1700;1;2;3;1.0;6;63;CRS VICTOR HUGO;;;;330
201400024666;14;10;15;1430;1;2;3;1.0;3;63;RUE JULES STEEG;;;;330
201400024671;14;10;15;1650;1;2;1;1.0;3;318;11, RUE FELIX FAURE;;;;330
201400024676;14;10;17;1240;1;2;2;1.0;6;63;CRS D'ALSACE ET LORRAINE;;;;330
201400024678;14;10;18;220;5;2;3;1.0;1;63;LOUIS XVIII (QUAI );;;;330
201400024684;14;10;19;1705;1;2;1;1.0;3;192;AVE DE L'HIPPODROME;;;;330
201400024687;14;10;20;917;1;2;3;1.0;3;281;RUE DE CHARLIN;;;;330
201400024690;14;10;21;1455;1;2;6;1.0;3;63;DOMERCQ (RUE CHARLES);;;;330
201400024695;14;10;22;1300;1;2;1;1.0;6;63;41, RUE FONDAUDEGE;;;;330
201400024701;14;10;23;822;2;2;4;1.0;3;281;AVE DU DOC ALBERT SCHWEI;;;;330
201400024702;14;10;23;1750;1;2;2;1.0;3;63;ALL HAUSMANN;;;;330
201400024704;14;10;23;1815;1;2;1;1.0;3;281;AVE DE MAGUDAS;;;;330
201400024708;14;10;24;937;1;2;6;1.0;3;522;RUE DU PROFESSEUR ARNOZA;;;;330
201400024724;14;10;28;1715;1;2;2;1.0;1;39;GAMBETTA (RUE LEON);;;;330
201400024726;14;10;29;850;1;2;2;1.0;3;63;BD GODARD;;;;330
201400024740;14;11;1;950;1;2;4;1.0;1;281;RUE DU JARD;;;;330
201400024743;14;11;1;2330;5;2;1;1.0;6;63;72, QUAI DES CHARTRONS;;;;330
201400024749;14;11;5;1350;1;2;3;1.0;1;63;BD MARECHAL LECLERC;;;;330
201400024751;14;11;5;2110;5;2;3;1.0;2;63;15, RUE JUDAIQUE;;;;330
201400024783;14;11;13;1745;5;2;3;1.0;1;75;RTE DU MEDOC;;;;330
201400024790;14;11;13;1900;5;2;2;1.0;3;522;RUE PEYDAVANT;;;;330
201400024791;14;11;14;1400;1;2;3;1.0;3;522;CRS DE LA LIBERATION;;;;330
201400024792;14;11;14;1800;2;2;1;1.0;6;63;9, PCE MARTYRS DE LA RES;;;;330
201400024805;14;11;14;1210;1;2;3;8.0;3;522;RUE ROBESPIERRE;;;;330
201400024806;14;11;14;735;5;2;6;3.0;3;192;RTE DE CANEJAN;;;;330
201400024810;14;11;18;1800;1;2;2;1.0;4;63;CRS DE L'YSER;;;;330
201400024815;14;11;19;2000;5;2;1;1.0;3;63;173, CRS DE L'YSER;;;;330
201400024821;14;11;20;1650;2;1;3;1.0;1;281;AVE DE L'ARGONNE;;;;330
201400024824;14;11;20;1930;5;2;6;1.0;3;522;CRS GAMBETTA;;;;330
201400024834;14;11;19;1130;1;2;1;1.0;6;63;AVE DES TROIS CARDINAUX;;;;330
201400024837;14;11;25;2230;5;2;3;8.0;3;63;RUE ESPRIT DES LOIS;;;;330
201400024839;14;11;24;1930;5;2;6;1.0;3;522;RUE PACARIS;;;;330
201400024841;14;11;26;800;1;2;1;1.0;2;63;120, QUAI DE BACALAN;;;;330
201400024842;14;11;26;1715;2;2;2;2.0;3;162;RUE DU 19 MARS 1962;;;;330
201400024845;14;11;24;910;1;2;6;2.0;3;281;ALL PRESIDENT RENE COTY;;;;330
201400024850;14;11;30;305;5;2;1;2.0;7;63;135, CRS VICTOR HUGO;;;;330
201400024859;14;12;5;220;5;2;3;1.0;7;63;25, RUE DOC CHARLES NANC;;;;330
201400024866;14;12;8;900;1;2;6;1.0;3;63;AVE CHARLES DE GAULLE CA;;;;330
201400024876;14;12;10;1600;1;2;3;2.0;3;63;14, MARSEILLE (RUE DE);;;;330
201400024880;14;12;11;853;1;2;3;1.0;3;63;AVE DE LAROQUE;;;;330
201400024882;14;12;11;1740;5;2;3;1.0;2;63;320, WILSON (BD DU PRESI;;;;330
201400024883;14;12;11;2105;5;2;6;1.0;3;69;AVE MAL DE LATTRE DE TAS;;;;330
201400024890;14;12;15;820;1;2;2;1.0;3;69;AVE DE LA LIBERATION-CH.;;;;330
201400024904;14;12;22;950;1;2;6;1.0;3;550;AVE JEAN MONNET;;;;330
201400024925;14;7;17;430;5;2;1;1.0;3;58;3 RUE SAINT JACQUES;M;4699958.0;-64018.0;490
201400024956;14;4;15;1330;1;2;6;1.0;3;3;BELLE AGATHOISE (D8 ET E;;;;340
201400024958;14;6;26;1235;1;2;1;1.0;2;3;GENTILSHOMMES (H16 A L17;;;;340
201400024961;14;7;30;1930;1;2;1;1.0;3;3;GENTILSHOMMES (H16 A L17;;;;340
201400024963;14;8;10;1140;1;2;1;1.0;3;3;SANS, PLESSIS (J7 A J8;;;;340
201400024964;14;8;27;1225;1;2;1;1.0;2;3;GENTILSHOMMES (H16 A L17;;;;340
201400024992;14;4;15;1350;1;1;1;1.0;7;73;CHAZOTTES (CHEMIN DES);;;;340
201400025003;14;6;26;1045;1;2;3;9.0;3;32;CR.106;;;;340
201400025007;14;7;17;640;2;2;3;1.0;3;336;NP, CHEMIN DEPARTEMENTAL;;;;340
201400025018;14;12;9;1850;4;2;1;1.0;7;32;NP, ROUTE D'AGDE (RD 612;M;4334732.0;325377.0;340
201400025048;14;1;18;1225;1;2;1;2.0;3;172;HORTUS (RUE DE L');M;4364229.0;385923.0;340
201400025053;14;1;23;1715;1;2;6;1.0;2;172;APPEL DU 18 JUIN (ROND-P;M;4363672.0;383079.0;340
201400025057;14;1;25;910;1;2;3;8.0;3;172;0, PRES D'ARENES (AVENUE;M;4359064.0;388473.0;340
201400025058;14;1;27;820;1;2;3;1.0;3;172;9, BLEUETS (RUE DES);M;4360657.0;384768.0;340
201400025078;14;2;15;1930;5;2;1;1.0;3;172;779, SAINT HILAIRE (RUE;M;4359140.0;389110.0;340
201400025080;14;2;16;1840;3;1;1;8.0;2;129;0, CALADE (ALLEE DE LA);M;4357693.0;389726.0;340
201400025086;14;2;23;2000;5;2;1;1.0;3;172;sans, MOULINS (AVENUE DE;M;4361989.0;383239.0;340
201400025088;14;2;25;850;1;2;1;2.0;7;172;59, LODEVE (AVENUE DE;M;4360974.0;386308.0;340
201400025095;14;3;2;455;5;2;1;1.0;7;172;0, SARRAIL (BOULEVARD);M;4361356.0;388077.0;340
201400025114;14;3;18;1650;1;2;2;1.0;1;172;0, JUSTICE DE CASTELNAU;M;4362686.0;386973.0;340
201400025121;14;3;23;2015;5;2;3;1.0;3;172;0, MARQUEROSE (RUE DE LA;M;4358847.0;386962.0;340
201400025126;14;3;28;1520;1;2;1;1.0;2;172;BLAYAC (RUE DU PROFESSEU;M;4362644.0;382293.0;340
201400025137;14;4;4;1640;1;2;1;1.0;3;172;0, SOULAS (AVENUE DU PER;M;4362058.0;385823.0;340
201400025170;14;5;3;1720;1;2;1;1.0;6;172;VALLOIS (RUE PROFESSEUR;M;4361438.0;388382.0;340
201400025173;14;5;4;1130;1;1;1;1.0;7;129;ETANGS (CHEMIN DES);M;4355033.0;389759.0;340
201400025177;14;5;8;1500;1;2;1;8.0;7;172;JUSTICE DE CASTELNAU (AV;M;4362638.0;388531.0;340
201400025188;14;5;15;1210;1;2;1;1.0;3;172;RAYMOND DUGRAND (AVENUE);M;4359830.0;390338.0;340
201400025194;14;5;17;1230;1;2;1;1.0;3;172;201, YUCCAS (RUE DES);M;4359132.0;388489.0;340
201400025204;14;5;25;935;1;2;3;1.0;3;172;0, TOULOUSE (AVENUE DE;M;4360032.0;386743.0;340
201400025222;14;6;15;100;5;2;2;1.0;3;172;SANS, GRASSET (AVENUE DU;M;4362147.0;386854.0;340
201400025225;14;6;16;1725;1;2;1;1.0;3;172;7, LODEVE (ROUTE DE);M;4361460.0;382951.0;340
201400025243;14;7;1;1420;1;2;1;8.0;3;172;SCHUMAN (PLACE ROBERT);M;4362020.0;381787.0;340
201400025256;14;7;13;1320;1;2;1;1.0;1;172;416, POUTINGON (CHEMIN D;;;;340
201400025263;14;7;18;1630;1;2;3;1.0;3;172;74 bis, LODEVE (ROUTE DE;M;4361506.0;382401.0;340
201400025265;14;7;20;1740;1;2;1;1.0;3;172;2bis, LEPIC (AVENUE);M;4360110.0;386693.0;340
201400025281;14;8;1;1850;1;2;9;1.0;3;172;CARDONILLE (RUE DE LA);M;4363506.0;384416.0;340
201400025284;14;8;7;800;1;2;1;1.0;1;172;106, BARI (RUE DE);;;;340
201400025304;14;8;27;1530;1;2;2;1.0;3;172;0, DORIA (RUE);M;4361280.0;386741.0;340
201400025307;14;8;29;1505;1;2;1;1.0;3;172;38, MAURIN (AVENUE DE;M;4360045.0;387553.0;340
201400025312;14;8;31;1000;1;2;1;1.0;3;172;sans, BRET (ROND POINT P;M;4357637.0;387419.0;340
201400025315;14;9;2;2240;5;2;5;1.0;3;172;1, MOULINS (AVENUE DES;M;4363842.0;384762.0;340
201400025333;14;9;11;1740;1;2;2;1.0;3;172;CROIX VERTE (RUE DE LA);M;4364462.0;384165.0;340
201400025348;14;9;22;1335;1;2;1;1.0;3;172;190, LODEVE (AVENUE DE;M;4361364.0;383990.0;340