Num_Acc;an;mois;jour;hrmn;lum;agg;int;atm;col;com;adr;gps;lat;long;dep
201400025362;14;10;6;1955;3;2;2;2.0;3;172;NAZARETH (RUE DE);M;4362074.0;387718.0;340
201400025385;14;10;30;1530;1;2;1;1.0;6;172;25, SARRAIL (BOULEVARD);M;4361051.0;388058.0;340
201400025428;14;12;26;1445;1;2;1;1.0;2;172;sans, FOURCADE (AVENUE D;M;4359076.0;389738.0;340
201400025432;14;1;17;1645;1;2;1;1.0;3;301;RD 612;M;4340171.0;366161.0;340
201400025457;14;5;31;1615;1;2;3;1.0;1;301;0, PEPINIERE (RUE DE LA);;;;340
201400025462;14;6;15;530;3;1;1;1.0;2;301;0, BALARUC (ROUTE DE);M;4341473.0;369896.0;340
201400025475;14;9;27;1330;1;2;3;1.0;3;108;0, MAL LECLERC (RUE);;;;340
201400025523;14;1;9;1325;1;2;3;1.0;3;238;COUBERTIN/GRAFF;M;4808690.0;-169164.0;350
201400025539;14;1;18;1852;5;2;2;2.0;3;238;REDON/MALAKOFF;M;4810510.0;-169340.0;350
201400025540;14;1;18;2005;5;2;3;2.0;3;238;B.F.DUNKERQUE/HENRY;M;4812130.0;-170087.0;350
201400025550;14;1;24;810;5;2;1;2.0;3;238;RUE DE NANTES;M;4809490.0;-169017.0;350
201400025560;14;1;31;1905;5;2;1;2.0;3;238;3, RUE DE BREST;M;4811210.0;-168783.0;350
201400025571;14;2;9;1900;5;2;3;2.0;3;238;PL?LO/TRONJOLLY;M;4810610.0;-168101.0;350
201400025582;14;2;15;1235;1;2;5;1.0;3;238;LA?NNEC/ST H?LIER;M;4810560.0;-166605.0;350
201400025584;14;2;18;1255;1;2;3;1.0;3;238;B.F.DUNKERQUE/HENRY;M;4812130.0;-170087.0;350
201400025585;14;2;19;830;1;2;3;1.0;3;238;V.MAREUIL/CHARDONNET;M;4810670.0;-165090.0;350
201400025589;14;2;24;2340;5;2;3;1.0;1;238;SAINT-THOMAS/DUC;M;4810820.0;-167520.0;350
201400025618;14;3;20;2350;5;2;3;1.0;6;238;LAMENNAIS/LANJUINAIS;M;4810980.0;-168201.0;350
201400025642;14;4;9;740;1;2;2;1.0;3;238;JANVIER/LIBERT?;M;4810790.0;-167354.0;350
201400025650;14;4;14;745;1;2;3;1.0;7;238;C.G?NIAUX/LE LANNOU;M;4811350.0;-171363.0;350
201400025659;14;4;17;1915;1;2;1;1.0;1;238;LES BASSES OURMES;M;4808440.0;-163850.0;350
201400025664;14;4;23;1500;1;2;2;8.0;7;238;CL?MENCEAU/K?RANGAL;M;4809450.0;-168562.0;350
201400025670;14;4;30;1530;1;2;2;1.0;3;238;R.H.GUERRAND/CLEUNAY;M;4810210.0;-169866.0;350
201400025675;14;5;5;1700;1;2;3;1.0;6;238;ISLY/ALLI?S;M;4810510.0;-167753.0;350
201400025676;14;5;7;1350;1;2;3;1.0;6;238;NANTES/LOBINEAU;M;4810150.0;-168464.0;350
201400025702;14;5;27;1235;1;2;1;1.0;6;238;69, RUE GINGUEN?;M;4809910.0;-167974.0;350
201400025703;14;5;27;1405;1;2;3;1.0;3;238;15, QUAI DE LA PR?VALAYE;M;4810910.0;-168656.0;350
201400025707;14;5;28;1735;1;2;6;3.0;3;51;METAIRIES (BOULEVARD DES;M;4812189.0;-160010.0;350
201400025708;14;5;28;1750;1;2;2;3.0;3;238;PATTON/ST LAURENT;M;4813850.0;-165858.0;350
201400025713;14;6;3;1540;1;2;1;1.0;6;238;97, BD DE VITRE;M;4812000.0;-165059.0;350
201400025714;14;6;4;920;1;2;6;1.0;6;281;DODIN (AVENUE ROGER);M;4808694.0;-170748.0;350
201400025723;14;6;8;140;4;2;2;1.0;3;238;PASTEUR/CH?TEAUBRIAND;M;4811020.0;-167420.0;350
201400025724;14;6;9;1250;1;2;6;1.0;3;238;CUCILL?/MUSSAT;M;4812910.0;-169604.0;350
201400025734;14;6;14;1730;1;2;2;1.0;2;238;MITTERRAND/VANEAU;M;4810890.0;-169293.0;350
201400025749;14;6;26;2000;1;2;1;1.0;7;238;41, RUE VASSELOT;M;4810860.0;-167691.0;350
201400025754;14;6;27;1515;1;2;3;1.0;3;238;JANVIER/DUHAMEL;M;4810890.0;-167379.0;350
201400025765;14;7;3;1750;1;2;3;1.0;3;238;A.PAVIE/ST SA?NS;M;4810400.0;-163625.0;350
201400025777;14;7;10;800;1;2;1;1.0;3;238;91, RUE DE ST BRIEUC;M;4811590.0;-170907.0;350
201400025778;14;7;10;1325;1;2;3;1.0;3;238;IRLANDE/BELGIQUE;M;4808780.0;-168545.0;350
201400025782;14;7;15;820;1;2;6;1.0;3;55;00, BONNIN ANDRE (AVENUE;M;4809007.0;-162327.0;350
201400025789;14;7;24;940;1;2;3;1.0;3;238;PR?VALAYE/J.GABRIEL;M;4810910.0;-168656.0;350
201400025795;14;7;28;800;1;2;2;1.0;3;238;C.BERNARD/A.DUVAL;M;4810350.0;-169401.0;350
201400025798;14;7;28;1425;1;2;2;1.0;3;238;F.ROOSEVELT/VERN;M;4809810.0;-165566.0;350
201400025800;14;7;28;2105;1;2;2;1.0;3;238;C.BERNARD/A.DUVAL;M;4810350.0;-169401.0;350
201400025805;14;8;1;1010;1;2;1;1.0;7;55;00, BREIL (RUE DU);;;;350
201400025814;14;8;13;1030;1;2;6;1.0;7;238;RP E.N.NI?MEN;M;4810540.0;-170846.0;350
201400025815;14;8;13;1045;1;2;1;1.0;7;238;00, VALLES (JULES);;;;350
201400025821;14;8;25;2000;1;2;2;3.0;3;238;NANTES/CL?MENCEAU;M;4809470.0;-169024.0;350
201400025822;14;8;25;1950;1;2;2;3.0;3;238;NANTES (DE);;;;350
201400025824;14;8;29;1510;1;1;1;1.0;3;55;00, RD 463;M;4808404.0;-162289.0;350
201400025831;14;9;4;1810;1;2;1;1.0;3;238;7, BD JEANNE D'ARC;M;4811110.0;-165911.0;350
201400025838;14;9;8;1830;1;2;1;1.0;7;238;4, RUE C.BERNARD;M;4810460.0;-169359.0;350
201400025841;14;9;9;815;1;2;1;1.0;3;238;25, A.BRIAND;M;4811020.0;-166897.0;350
201400025842;14;9;9;1425;1;2;6;1.0;4;281;00, DODIN (AVENUE ROGER);M;4808692.0;-170752.0;350
201400025844;14;9;11;1020;1;2;2;1.0;3;238;00, BOURGEOIS (BOULEVARD;;;;350
201400025849;14;9;15;1750;1;2;2;1.0;3;238;V.MAREUIL/A.GU?RIN;M;4810990.0;-165548.0;350
201400025850;14;9;16;900;1;2;2;1.0;7;238;GROS MALHON/3 CROIX;M;4812790.0;-168345.0;350
201400025851;14;9;17;1344;1;2;1;1.0;6;238;00, LITTRE (EMILE);;;;350
201400025853;14;9;19;815;1;2;1;1.0;2;238;BD L.GRIMAULT;M;4809130.0;-165217.0;350
201400025858;14;9;25;1435;1;2;2;1.0;6;238;ANTRAIN/ST ANNE;M;4811450.0;-167943.0;350
201400025863;14;9;26;1850;1;2;6;7.0;3;278;00, RD 82;M;4816160.0;-168995.0;350
201400025872;14;10;4;850;1;2;2;1.0;3;238;NEMOURS/LAMARTINE;M;4811020.0;-168021.0;350
201400025884;14;10;10;1145;1;2;3;1.0;6;238;PAYS BAS/PORTUGAL;M;4808350.0;-166098.0;350
201400025889;14;10;13;1420;1;2;6;8.0;3;238;PAVIE/VILLEBOIS MAREUIL;M;4810410.0;-165012.0;350
201400025897;14;10;16;1820;1;2;2;1.0;3;238;ANTRAIN/VINCENNES;M;4811820.0;-167633.0;350
201400025906;14;10;21;2010;5;2;1;2.0;3;238;19, BD DU COLOMBIER;M;4810240.0;-167992.0;350
201400025907;14;10;22;750;5;2;6;8.0;3;238;VERN/HAUTES OURMES;M;4808770.0;-164463.0;350
201400025908;14;10;22;1210;1;2;2;1.0;3;238;G.POMPIDOU/BUF?RON;M;4810000.0;-168662.0;350
201400025910;14;10;22;1325;1;2;6;1.0;6;238;F.CH?TEAU/JOU?;M;4811180.0;-164641.0;350
201400025911;14;10;22;2215;5;2;1;1.0;3;238;1, AV DE LA PR?FECTURE;M;4812710.0;-169330.0;350
201400025919;14;10;30;2310;5;2;2;1.0;7;238;DUGUAY TROUIN/MISSION;M;4811010.0;-168461.0;350
201400025921;14;11;2;1730;1;2;3;8.0;3;51;00, CARADEUC (AVENUE DE);M;4812000.0;-160641.0;350
201400025931;14;11;9;1240;1;2;2;1.0;6;238;JAUR?S/ZOLA;M;4810980.0;-167782.0;350
201400025941;14;11;14;1810;5;2;1;2.0;3;51;ALLIES (BOULEVARD DES);M;4813100.0;-162115.0;350
201400025947;14;11;18;1750;5;2;1;1.0;6;238;8, RUE MAL JOFFRE;M;4810880.0;-167784.0;350
201400025950;14;11;22;1809;5;2;1;1.0;6;238;24, METZ (BD DE);;;;350
201400025951;14;11;22;1810;5;2;3;1.0;3;238;METZ/PALESTINE;M;4811590.0;-165812.0;350
201400025969;14;12;6;2330;3;2;1;1.0;6;238;8 RUE D'ECHANGE;M;4811500.0;-168280.0;350
201400025970;14;12;8;1835;5;2;3;2.0;3;238;P.AMYS/A.GU?RIN;M;4810970.0;-165635.0;350
201400025974;14;12;11;1420;1;2;3;1.0;3;238;HONGRIE/L.GRIMAULT;M;4809140.0;-165733.0;350
201400025978;14;12;13;10;5;2;2;2.0;3;238;ISLY/COLOMBIER;M;4810510.0;-167753.0;350
201400025982;14;12;14;1810;5;2;6;1.0;6;281;00, DODIN (AVENUE ROGER);M;4808681.0;-170757.0;350
201400025987;14;12;16;1640;1;2;1;1.0;6;238;27, RUE P.BERT;M;4811060.0;-166896.0;350
201400025988;14;12;16;1320;1;2;3;1.0;3;238;BERGER/DAUPHIN?;M;4811930.0;-170461.0;350
201400025993;14;12;19;1200;1;2;3;8.0;3;238;GAYEULLES/SQ GAYEULLES;M;4813040.0;-165206.0;350
201400025997;14;12;23;1450;1;2;1;1.0;7;238;68 BD V.MAREUIL;M;4810480.0;-165037.0;350
201400026026;14;9;25;1758;1;2;9;1.0;6;288;17, UMBRICHT (REVEREND P;M;4865769.0;-199434.0;350
201400026029;14;11;1;1302;1;2;6;1.0;6;288;0, PATTON GENERAL (RUE D;M;4862309.0;-199732.0;350
201400026036;14;7;9;815;1;2;2;8.0;3;44;RUE BARBOUX/RUE LA POSTE;M;4681030.0;169384.0;360
201400026050;14;1;18;1933;2;2;1;1.0;7;44;143 AV DE VERDUN;M;4680240.0;169625.0;360
201400026051;14;7;22;1114;1;2;1;1.0;6;44;25 RUE MARINIER;M;4681670.0;171139.0;360
201400026054;14;3;25;1751;1;2;3;1.0;3;44;RUE MONTAIGNE/RUE LOTI;M;4679770.0;170590.0;360
201400026082;14;9;3;1720;1;2;1;1.0;3;44;AVENUE DE LA CHATRE;;;;360
201400026088;14;9;1;1220;1;2;3;1.0;1;44;55 ALLEE DES SERINGAS;M;4679100.0;169407.0;360
201400026105;14;9;17;1649;1;1;6;1.0;3;159;ORANGEONS/RTE PETIT EPOT;M;4676220.0;167846.0;360
201400026125;14;4;1;1050;1;2;1;1.0;2;159;ROUTE DES GRANDS TAILLIS;M;4676400.0;168512.0;360
201400026143;14;11;21;1345;1;2;6;1.0;3;44;ROND POINT F GERBAUD;M;4682000.0;166448.0;360
201400026150;14;12;15;1830;4;2;1;1.0;6;44;54 AV MARCEL LEMOINE;M;4681730.0;169690.0;360
201400026151;14;12;16;1420;1;2;1;1.0;3;44;65 AVENUE MARCEL LEMOINE;M;4682030.0;169730.0;360
201400026162;14;6;13;1010;1;2;1;1.0;2;44;8 MAI 1945;M;4680430.0;170017.0;360
201400026164;14;6;23;805;1;2;6;1.0;2;44;PLCE LAFAYETTE/AV LEMOI;M;4681430.0;169660.0;360
201400026165;14;6;24;1435;1;2;4;1.0;3;44;W CHURCHIL/RUE COMBOLIAU;M;4679380.0;168757.0;360
201400026166;14;6;25;1506;1;2;1;1.0;3;44;362 AVENUE DE LA CHATRE;M;4679990.0;172341.0;360
201400026185;14;2;3;1820;5;2;1;1.0;3;261;AV MARC DASSAULT;;;;370
201400026202;14;3;11;1820;1;2;1;1.0;7;195;RUE DU PETIT PLESSIS;;;;370
201400026219;14;8;21;20;5;2;2;1.0;5;261;BD  TONNELLE /ENTRAIGUE;;;;370
201400026222;14;8;25;2244;5;2;1;3.0;6;261;73 bis, AV DE GRAMMONT;;;;370
201400026228;14;10;4;2210;5;2;1;2.0;7;261;26 RUE JULES SIMON;;;;370
201400026239;14;1;22;1055;1;2;6;2.0;3;261;RUE DES TANNEURS;;;;370
201400026244;14;2;3;800;1;2;1;1.0;7;122;RUE DE LA  MARBELLIERE;;;;370
201400026251;14;2;15;910;1;2;1;1.0;7;233;108 RUE DES  ATELIERS;;;;370
201400026255;14;3;4;745;1;2;1;1.0;7;261;18 RUE CHARLES GILLES;;;;370
201400026258;14;3;5;1045;1;2;1;1.0;7;261;21 RUE JEHAN FOUQUET;;;;370
201400026300;14;3;28;1330;1;2;3;1.0;3;122;RUE ERNEST RENAN;;;;370
201400026322;14;5;21;1830;1;2;1;3.0;3;261;BD RICHARD WAGNER;;;;370
201400026323;14;5;22;1300;1;2;1;1.0;3;261;148 RUE  FROMENTEL;;;;370
201400026329;14;6;8;1525;1;2;1;1.0;7;233;146 AVENUE  STALINGRAD;;;;370
201400026333;14;4;1;1850;1;2;1;1.0;7;261;31 RUE DU CYGNE;;;;370
201400026334;14;4;3;800;2;2;1;1.0;7;122;RUE CERCELE;;;;370
201400026361;14;5;20;836;1;2;1;2.0;3;261;35 RUE VICTORE HUGO;;;;370
201400026370;14;6;10;1345;1;2;2;8.0;7;261;QUAI ANDRE MALRAUX;;;;370
201400026373;14;6;17;1555;1;2;2;1.0;3;261;AVENUE DE GRAMMONT;;;;370
201400026378;14;6;22;1810;1;2;1;1.0;6;261;34 RUE DE CLARTE DIEU;;;;370
201400026385;14;3;14;1018;1;2;1;1.0;7;261;AVENUE SAINT LAZARE;;;;370
201400026393;14;6;12;1415;1;2;1;1.0;3;261;0, CHANOINEAU (RUE);;;;370
201400026395;14;6;20;905;1;2;1;1.0;7;261;258 RUE ED VAILLANT;;;;370
201400026396;14;6;24;1250;1;2;1;1.0;3;195;RUE DE LA MAIRIE;;;;370
201400026397;14;6;26;835;1;2;6;1.0;3;261;AV DE LA REPUBLIQUE;;;;370
201400026399;14;8;1;910;1;2;6;1.0;3;261;PONT  SAINT SAUVEUR;;;;370
201400026414;14;9;11;1815;1;2;1;1.0;7;261;RUE  BOURGOIN;;;;370
201400026416;14;9;12;1020;1;2;6;1.0;7;261;BD LOUIS XI;;;;370
201400026423;14;6;17;810;1;2;2;1.0;3;261;RUE DU MAL FOCH;;;;370
201400026425;14;6;20;1625;1;2;1;1.0;6;208;AVENUE BEAUGAILLARD;;;;370
201400026426;14;6;21;1315;1;2;1;1.0;7;261;PONT NAPOLEON;;;;370
201400026429;14;6;22;940;1;2;6;1.0;3;195;RUE DE LA MAIRIE;;;;370
201400026436;14;7;3;2030;1;2;1;1.0;3;261;3 RUE DU DOCTEUR BOSC;;;;370
201400026439;14;5;14;745;1;2;1;2.0;7;261;RUE NATIONALE;;;;370
201400026444;14;5;27;2000;1;2;1;1.0;3;261;ROND P MARCEL DASSAULT;;;;370
201400026447;14;7;7;1230;1;2;6;1.0;3;122;BOULEVARD JEAN JAURES;;;;370
201400026449;14;6;7;1100;1;1;1;1.0;6;214;27 RUE DU PORTILLON;;;;370
201400026450;14;7;16;1922;1;1;1;1.0;6;233;QUAI DE LA LOIRE;;;;370
201400026453;14;7;25;1010;1;1;1;1.0;6;195;222 RT SAINT-GENOUPH;;;;370
201400026457;14;8;21;1405;1;2;1;1.0;2;261;96 RUE WALVEIN;;;;370
201400026458;14;8;22;1345;1;2;1;1.0;6;261;ROUTE DE SAINT AVERTIN;;;;370
201400026481;14;6;3;1450;1;2;1;1.0;3;261;96 RUE DE LA FUYE;;;;370
201400026490;14;7;15;1530;1;2;1;1.0;7;261;25 RUE PINGUET GUINDON;;;;370
201400026492;14;8;20;1705;1;2;3;1.0;3;261;RUE JEAN ANOUILH;;;;370
201400026497;14;9;9;805;1;2;3;1.0;3;261;QUAI PAUL BERT;;;;370
201400026498;14;9;12;1540;1;2;1;1.0;6;261;26 RUE MARCEAU;;;;370
201400026508;14;10;1;1625;1;2;2;1.0;3;261;BD JEAN ROYER/LAKANAL;;;;370
201400026514;14;9;23;1900;1;2;1;1.0;3;261;AVENUE MARCEL MERIEUX;;;;370
201400026515;14;9;23;1425;1;2;2;1.0;3;261;RUES ENTRAIGUES/WALVEIN;;;;370
201400026516;14;9;25;830;1;2;1;1.0;7;233;RUE PIERRE BROSSELETTE;;;;370
201400026519;14;10;1;1200;1;2;3;1.0;3;261;122 RUE JOLIVET;;;;370
201400026520;14;10;6;840;5;2;3;1.0;3;261;RUE DE LA FUYE;;;;370
201400026524;14;10;10;1605;1;2;1;1.0;7;261;14  RUE BERNARD PALISSY;;;;370
201400026528;14;10;17;1645;1;2;1;1.0;7;261;233 AVENUE DE  GRAMMONT;;;;370
201400026531;14;10;23;1815;5;2;3;1.0;3;261;RUE CORNEILLE/SCELLERIE;;;;370
201400026533;14;7;18;935;1;2;1;1.0;7;261;103 AV DE GRAMMONT;;;;370
201400026537;14;10;2;915;1;1;2;1.0;3;261;RUE LA FUYE/TOUR AUVERGN;;;;370
201400026543;14;10;7;1810;1;2;3;2.0;3;195;42 PLACE SAINT ANNE;;;;370
201400026555;14;10;30;1815;5;2;3;1.0;3;261;PAS NOTRE DAME/ORATOIRE;;;;370
201400026565;14;11;25;855;1;2;6;2.0;3;233;BD JEAN JAURES;;;;370
201400026568;14;10;3;1633;1;2;1;1.0;3;261;1 RUE DE LA VICTOIRE;;;;370
201400026578;14;11;2;1510;1;2;3;1.0;2;122;RUE DE LA DOUZILLIERE;;;;370
201400026585;14;11;26;1340;1;2;1;1.0;7;261;21 ALLEE FERNAN LESSEPS;;;;370
201400026590;14;12;2;1740;2;2;6;2.0;3;208;RUE JULES ROMAINS;;;;370
201400026599;14;12;15;540;5;2;1;1.0;7;261;PLACE ANATOLE  FRANCE;;;;370
201400026600;14;12;15;830;1;2;1;1.0;7;261;98 BD HEURTELOUP;;;;370
201400026607;14;11;1;300;5;2;1;1.0;1;261;57 RUE J CHARPENTIER;;;;370
201400026610;14;12;6;215;5;2;1;1.0;1;261;CHATEAUNEUF (PLACE);;;;370
201400026637;14;12;2;556;5;2;1;1.0;3;261;avenue GUSTAVE EIFFEL;;;;370
201400026638;14;12;2;730;4;2;3;2.0;6;261;RUE  NATIONALE;;;;370
201400026647;14;9;17;1400;1;2;1;1.0;2;122;RUE DU PONT VOLANT;;;;370
201400026658;14;12;16;1635;1;2;1;8.0;3;233;185 RUE MARCEL CACHIN;;;;370
201400026659;14;12;18;750;2;2;1;2.0;3;122;28 BD JEAN JAURES;;;;370
201400026663;14;3;3;940;1;2;1;1.0;3;233;51 RUE DE LA RABATERIE;;;;370
201400026666;14;10;19;1635;1;1;1;1.0;7;233;QUAI DE LA LOIRE;;;;370
201400026679;14;9;26;1410;1;2;4;1.0;1;261;RUE DU NOUVEAU CALVAIRE;;;;370
201400026680;14;4;7;1215;1;2;1;1.0;2;195;RUE DU  11 NOVMEBRE;;;;370
201400026692;14;6;8;2300;5;2;1;1.0;6;261;41 RUE MARCEAU;;;;370
201400026710;14;9;24;1245;1;2;3;1.0;3;261;10 PLACE CHOISEUL;;;;370
201400026717;14;10;30;805;2;2;2;1.0;7;122;199 BD JEAN  JAURES;;;;370
201400026752;14;1;20;600;5;2;1;2.0;6;185;31, AVENUE DU GRAND CH?T;;;;380
201400026759;14;2;4;817;1;2;8;1.0;3;179;1;;;;380
201400026792;14;5;1;1600;1;2;1;1.0;7;423;3, RUE CONRAD KILLIAN;;;;380
201400026802;14;5;15;930;1;2;1;1.0;6;516;BOULEVARD DE LA CHANTOUR;;;;380
201400026804;14;5;19;846;1;2;1;1.0;3;421;174, AVENUE AMBROISE CRO;;;;380
201400026805;14;5;23;1140;1;2;1;1.0;6;185;17, RUE BAYARD;;;;380
201400026808;14;5;26;1145;1;2;1;1.0;3;185;0, RUE DES PEUPLIERS;;;;380
201400026823;14;6;28;1430;1;2;1;1.0;6;185;BOULEVARD CLEMENCEAU;;;;380
201400026827;14;7;8;440;5;1;1;2.0;3;185;00, PONT DU VERCORS;;;;380
201400026836;14;7;18;1040;1;2;1;1.0;6;185;00, AVENUE EDMOND ESMONI;;;;380
201400026839;14;7;30;1500;1;2;2;1.0;5;185;0, RUE DU 19 MARS 1962;;;;380
201400026844;14;8;6;1015;1;2;1;1.0;7;151;27, CHEMIN DU TREMBLAY;;;;380
201400026845;14;8;6;1340;1;2;1;1.0;3;185;0, BOULEVARD JOSEPH VALL;;;;380
201400026860;14;9;25;1032;1;2;3;1.0;3;185;RUE CHARLES TESTOUD;;;;380
201400026865;14;10;6;1720;1;2;1;1.0;6;185;20, RUE MARCEAU;;;;380
201400026884;14;11;14;1350;1;2;1;1.0;6;185;43, AVENUE MARIE REYNOAR;;;;380
201400026889;14;11;27;1030;1;2;1;1.0;6;185;RUE BERTHE DE BOISSIEUX;;;;380
201400026903;14;9;27;920;1;2;9;7.0;3;544;1, ST MARCEL(MONTEE);;;;380
201400026907;14;8;15;1057;1;2;1;1.0;3;544;25, PASTEUR(QUAI);;;;380
201400026908;14;9;2;1600;1;2;1;1.0;5;318;JOSEPH GRENOUILLET(RUE);;;;380
201400026910;14;10;4;1430;1;2;2;1.0;3;544;25, PASTEUR(QUAI);;;;380
201400026921;14;12;9;1620;1;2;1;1.0;6;563;47, DENFERT ROCHEREAU (B;;;;380
201400026946;14;5;10;1045;1;2;3;1.0;6;279;DESPAX (RUE EMILE);M;4374539.0;-104798.0;400
201400026967;14;6;12;1830;1;2;1;1.0;6;192;0, AURIBEAU (BD D');M;4388820.0;-50605.0;400
201400027012;14;8;18;1155;1;2;1;1.0;6;18;WILSON (AVENUE DU PRESID;M;4758100.0;134200.0;410
201400027064;14;6;12;1115;1;2;6;1.0;3;226;., DE DIETRICH (ALLEE);M;4780600.0;106900.0;410
201400027087;14;6;28;1210;1;2;1;1.0;3;95;1, ALCAZAR (RUE DE L');M;4539555.0;429194.0;420
201400027091;14;7;30;2215;5;2;1;1.0;3;183;RD  88;M;4540492.0;437404.0;420
201400027098;14;10;30;1400;1;2;1;1.0;3;316;CD 25;M;4540598.0;426773.0;420
201400027116;14;7;3;1300;1;2;3;1.0;3;186;24, JUIN AVENUE DU MAREC;M;4553365.0;463082.0;420
201400027122;14;8;31;1145;1;2;1;1.0;1;186;17, MAI 1945 COURS DU 8;M;4553006.0;462173.0;420
201400027129;14;11;21;1625;1;1;1;1.0;1;225;525, TAREVIEUX ROUTE DE;M;4554162.0;455833.0;420
201400027132;14;1;10;1210;1;2;1;1.0;7;187;5, THOMAS (RUE ALBERT);M;4604232.0;407331.0;420
201400027166;14;4;10;1030;1;2;1;1.0;6;71;71, LIBERATION (AVENUE D;M;4602774.0;408509.0;420
201400027167;14;4;12;1830;1;2;2;1.0;3;184;306, SAINT-ROMAIN (RUE D;M;4604242.0;404899.0;420
201400027194;14;6;16;1200;1;2;6;1.0;3;184;0, MICHEL LOUISE  (RUE);M;4605719.0;404602.0;420
201400027197;14;6;21;1745;1;2;1;1.0;1;71;31, LIBERATION (AVENUE D;M;4603013.0;408347.0;420
201400027208;14;7;4;1755;1;2;1;1.0;1;187;0, VIES VIEILLES (RUE DE;M;4603691.0;407711.0;420
201400027211;14;7;15;1615;1;2;1;1.0;2;187;0, PROMENADES POPULLE(PO;M;4603666.0;406432.0;420
201400027221;14;8;21;1410;1;2;3;1.0;3;184;0, BLUM  LEON   (RUE);M;4604312.0;403246.0;420
201400027222;14;8;22;1539;1;2;3;1.0;3;187;0, FOURCAULD (QUAI  COMM;M;4603884.0;408423.0;420
201400027263;14;12;3;840;1;2;1;2.0;3;187;0, FOCH (RUE MARECHAL);M;4603925.0;404563.0;420
201400027273;14;12;22;1545;1;1;1;1.0;6;184;1007, DUBREUIL PIERRE (P;M;4605248.0;404427.0;420
201400027291;14;9;3;830;1;2;1;1.0;3;207;1, LIBERATION  AVENUE  D;M;4547473.0;451171.0;420
201400027309;14;1;26;1350;1;2;3;1.0;6;218;28, BRIAND ET DE LA PAIX;M;4543895.0;438286.0;420
201400027312;14;2;1;1148;1;2;1;1.0;6;305;LECLERC Général;M;4548233.0;443131.0;420
201400027317;14;2;10;1541;1;2;3;1.0;6;218;01, COLARD CAMILLE;M;4543775.0;438752.0;420
201400027323;14;2;23;1640;1;2;3;1.0;3;218;138, BERGSON A PARTIR N?;M;4546336.0;438039.0;420
201400027367;14;6;9;1740;1;2;6;1.0;3;189;ignor?, MARTYRS DE LA RE;M;4543239.0;432233.0;420
201400027385;14;7;15;1215;1;2;1;8.0;6;218;8, ROCHETAILLEE (AVENUE);M;4542077.0;439800.0;420
201400027394;14;8;23;1350;1;2;2;1.0;3;305;ignor?, HUGO VICTOR;M;4548232.0;443815.0;420
201400027400;14;9;11;1155;1;2;1;1.0;3;218;7, ODDE CLAUDE;M;4545953.0;438506.0;420
201400027404;14;9;16;2110;5;2;1;1.0;3;218;LATTRE DE TASSIGNY MARCH;M;4544065.0;436953.0;420
201400027443;14;11;27;1050;1;2;2;1.0;3;218;ignor?, FRAISSINETTE ALE;M;4542512.0;442060.0;420
201400027449;14;12;14;1727;1;2;1;1.0;1;237;ONZE NOVEMBRE (PLACE DU);M;4545233.0;444736.0;420
201400027468;14;6;10;1715;1;1;3;1.0;3;41;;M;4504990.0;391668.0;430
201400027470;14;6;8;2010;1;2;2;1.0;3;157;;;;;430
201400027472;14;6;12;1035;1;2;6;1.0;3;41;RDPT DE LA CHARTREUSE;M;4505520.0;390904.0;430
201400027473;14;6;20;1725;1;2;2;1.0;3;157;BD DE CLUNY;M;4504800.0;389334.0;430
201400027489;14;10;11;1720;1;2;1;1.0;3;251;16, MASSOT (RUE CHARLES);;;;430
201400027492;14;10;30;1300;1;2;1;1.0;6;157;BD MAR?CHAL FAYOLLE;;;;430
201400027496;14;4;15;1930;1;2;2;1.0;3;157;17 AV ST FLORY/AV MECHED;;;;430
201400027508;14;4;9;1610;1;2;1;1.0;1;55;NS, LILAS ( AVENUE DES );;;;440
201400027511;14;4;16;1455;1;2;1;1.0;3;55;48, NO?LLES ( AVENUE DES;;;;440
201400027512;14;4;17;30;5;2;1;1.0;7;132;119, GAULLE (AVENUE DU G;;;;440
201400027517;14;4;30;950;1;2;6;1.0;3;55;NS, OC?AN ( BOULEVARD DE;;;;440
201400027518;14;4;30;1205;1;2;2;1.0;3;55;NS, R?GALES ( AVENUE DES;;;;440
201400027526;14;6;1;215;5;2;1;1.0;7;132;151, GAULLE (AVENUE DU G;;;;440
201400027529;14;6;29;15;5;2;2;1.0;3;55;NS, PIERRE PERC?E ( AVEN;;;;440
201400027535;14;7;14;1700;1;2;1;1.0;2;55;MERMOZ ( AVENUE JEAN );;;;440
201400027536;14;7;19;1640;1;2;2;1.0;3;55;37, ONDINES ( AVENUE DES;;;;440