Num_Acc;an;mois;jour;hrmn;lum;agg;int;atm;col;com;adr;gps;lat;long;dep
201400027539;14;7;26;1140;1;2;6;1.0;3;135;ns, OC?AN ( AVENUE DE L';;;;440
201400027542;14;8;3;1835;1;2;1;1.0;3;55;24, BARRIERE ( ESPLANADE;;;;440
201400027545;14;9;7;1025;1;2;1;1.0;2;55;29, DARLU ( BOULEVARD );;;;440
201400027546;14;9;15;1935;1;2;2;1.0;3;132;9, MER (AVENUE DE LA);;;;440
201400027547;14;9;18;1840;1;2;2;1.0;3;135;ATLANTIQUE ( BOULEVARD D;;;;440
201400027559;14;11;1;1205;1;1;3;1.0;3;132;NS, MAHUIT (ROUTE DE);;;;440
201400027576;14;1;9;1250;1;2;1;1.0;3;109;BOULEVARD DU PETIT PORT;;;;440
201400027579;14;1;9;1620;1;2;1;1.0;6;109;31, RUE DE STRASBOURG;;;;440
201400027587;14;1;13;1450;1;2;6;1.0;6;114;RUE ALFRED NOBEL;;;;440
201400027595;14;2;9;1223;1;2;1;1.0;6;109;0, PONT DE PONT ROUSSEAU;;;;440
201400027600;14;2;14;1131;1;2;1;1.0;6;190;ROUTE DE CLISSON;;;;440
201400027602;14;2;17;1625;1;2;1;9.0;6;143;0, RUE GEORGES BOUTIN;;;;440
201400027622;14;3;3;1135;1;2;1;8.0;3;109;224, BOULEVARD ROBERT SC;;;;440
201400027629;14;3;14;1300;1;2;6;1.0;6;109;0, BOULEVARD DE SARREBRU;;;;440
201400027635;14;3;22;2117;5;2;1;1.0;3;109;9, BOULEVARD GEORGES POM;;;;440
201400027638;14;3;24;1630;1;2;6;2.0;3;109;00, BOULEVARD SALVADOR A;;;;440
201400027647;14;4;7;1935;1;2;6;1.0;3;109;., ROUTE DE LA CHAPELLE;;;;440
201400027687;14;7;3;1800;1;2;1;1.0;3;109;BD ERNEST DALBY;;;;440
201400027695;14;6;5;1950;1;2;1;9.0;6;143;0, AVENUE DE LA LIBERATI;;;;440
201400027708;14;6;18;1400;1;2;1;1.0;6;109;0, BOULEVARD MARTIN LUTH;;;;440
201400027713;14;6;19;2126;1;2;1;1.0;6;162;0, BOULEVARD DU MASSACRE;;;;440
201400027719;14;6;23;1945;1;2;1;1.0;6;109;0, RUE DE LA BOTTIERE;;;;440
201400027720;14;6;27;405;5;2;1;1.0;6;109;BOULEVARD ALEXANDRE MILL;;;;440
201400027726;14;7;4;1240;1;2;1;1.0;2;109;., RUE DE GIGANT;;;;440
201400027728;14;7;4;1130;1;2;1;1.0;7;109;0, AVENUE JEAN CLAUDE BO;;;;440
201400027730;14;7;8;1045;1;2;1;1.0;6;114;00, AVENUE CLAUDE ANTOIN;;;;440
201400027742;14;7;21;2100;1;2;1;1.0;1;109;AVENUE DE LA GARE DE SAI;;;;440
201400027745;14;7;22;2040;1;2;1;1.0;6;109;19, BOULEVARD DE LA LIBE;;;;440
201400027755;14;8;11;1610;1;2;6;1.0;3;143;RUE DU JAUNAIS;;;;440
201400027776;14;9;11;1230;1;2;7;9.0;6;109;PLACE VICTOR MANGIN;;;;440
201400027781;14;9;16;1715;1;2;6;1.0;3;109;BOULEVARD JEAN PHILIPPOT;;;;440
201400027787;14;8;19;1730;1;2;1;9.0;3;109;00, QUAI DE LA FOSSE;;;;440
201400027792;14;9;29;1730;1;2;1;1.0;6;109;110, BOULEVARD DES BELGE;;;;440
201400027804;14;10;8;1845;1;2;1;1.0;6;109;RUE AUGUSTIN FRESNEL;;;;440
201400027811;14;10;20;740;2;2;1;1.0;3;109;RUE DES CHALATRES;;;;440
201400027820;14;10;26;1205;1;2;1;1.0;7;114;., RUE DU PONT AUX PRETR;;;;440
201400027823;14;10;28;1700;1;2;1;9.0;6;109;RUE DU CHAMP DE TIR;;;;440
201400027853;14;11;24;745;2;2;1;9.0;7;109;ROND-POINT DE LA NOE;;;;440
201400027862;14;12;1;1645;1;2;1;8.0;3;109;BOULEVARD DES ANGLAIS;;;;440
201400027868;14;12;11;820;1;2;3;1.0;6;109;RUE MARGUERITE LE MEIGNE;;;;440
201400027869;14;12;6;1015;1;2;9;1.0;3;162;AVENUE CLAUDE BERNARD;;;;440
201400027876;14;12;18;830;2;2;1;2.0;6;109;7, RUE DE BEL AIR;;;;440
201400027878;14;12;8;1200;1;2;1;1.0;5;109;QUAI CEINERAY;;;;440
201400027898;14;2;18;1640;1;2;1;1.0;3;184;MITTERRAND (AVENUE FRAN?;;;;440
201400027905;14;3;13;1410;1;2;1;1.0;2;184;C?TE D'AMOUR (RTE DE LA);;;;440
201400027910;14;4;17;1715;1;2;6;1.0;3;184;RETON (ROUTE DE);;;;440
201400027917;14;5;15;1210;1;2;1;1.0;3;184;4, F?VRIER 1943 (RUE DU;;;;440
201400027926;14;6;15;1210;1;2;2;1.0;3;184;GARENNES (CHEMIN DES);;;;440
201400027931;14;6;30;1615;1;2;2;1.0;3;184;LAENNEC (BD DU DR REN?);;;;440
201400027958;14;9;18;940;1;2;1;1.0;3;184;2, FORT DE L'EVE (ROUTE;;;;440
201400027960;14;9;20;1420;1;2;1;1.0;3;184;19, PICCARD (RUE AUGUSTE;;;;440
201400027961;14;9;24;640;2;2;1;1.0;3;184;18, G?T? (RUE DU CDT) DU;;;;440
201400027962;14;9;26;845;2;2;2;1.0;3;184;RENAISSANCE (BOULEVARD D;;;;440
201400027972;14;10;13;1330;1;2;2;1.0;3;184;MAC? (RUE JEAN);;;;440
201400027975;14;10;18;1425;1;2;3;1.0;3;184;GRENAPIN (RUE PITRE);;;;440
201400027979;14;10;28;1735;1;2;6;1.0;3;184;APPRENTIS (BOULEVARD DES;;;;440
201400027991;14;11;25;1845;5;2;1;2.0;3;184;LEFERME (BOULEVARD PAUL);;;;440
201400027999;14;12;19;1215;1;2;6;1.0;3;184;COTY (BOULEVARD REN?);;;;440
201400028034;14;4;16;1000;1;2;2;1.0;3;338;R BUISSON/GEORGES SAND;M;4798647.0;271218.0;450
201400028040;14;4;27;1020;1;2;3;1.0;3;208;R LOUIS LACROIX/A.COCHER;M;4800249.0;273883.0;450
201400028049;14;5;24;1645;1;2;1;8.0;3;68;4 BIS R WALDECK ROUSSEAU;M;4802343.0;273263.0;450
201400028093;14;12;17;805;5;2;1;3.0;3;208;18 JUIN 1940 (PLACE);;;;450
201400028100;14;1;17;1444;1;2;6;1.0;1;169;R CHAPELLE/MINES;M;4790419.0;183584.0;450
201400028105;14;2;3;1217;1;2;2;1.0;3;234;FG ST VINCENT/BD P.SEGEL;M;4790480.0;191347.0;450
201400028110;14;2;7;1555;1;2;3;1.0;3;302;ALL JEAN BOUIN/AV STADE;M;4794978.0;188358.0;450
201400028114;14;2;26;1035;1;2;2;1.0;3;169;RTE ORLEANS/R FOLIE;M;4791598.0;184008.0;450
201400028115;14;3;2;1500;1;2;1;1.0;3;169;10 RUE DE LA MAIRIE;M;4791884.0;182864.0;450
201400028126;14;5;15;820;1;2;2;1.0;1;147;BD LAMARTINE/R LAMARTINE;M;4792133.0;190711.0;450
201400028147;14;8;20;1745;1;2;3;1.0;3;232;R POIRIERS/PASSE CRASSAG;M;4785419.0;191702.0;450
201400028159;14;9;24;1430;1;2;2;1.0;3;234;BD MAIE STUART/R AMBERT;M;4790846.0;193828.0;450
201400028163;14;10;3;1118;1;2;1;1.0;3;234;21 R DES MURLINS;M;4790893.0;189939.0;450
201400028183;14;12;15;750;2;2;1;1.0;1;234;CONCYR (AVENUE DE);;;;450
201400028193;14;5;20;1210;1;2;7;1.0;3;42;CROIX (PLACE DE LA);M;4444076.0;144300.0;460
201400028196;14;7;19;1450;1;2;1;1.0;1;42;CASANOVA (RUE DANIEL);M;4443194.0;145655.0;460
201400028211;14;2;10;855;1;2;2;2.0;3;1;LACOUR (BD EDOUARD);;;;470
201400028216;14;5;19;1700;1;2;1;1.0;3;1;MONNET (AV. JEAN);;;;470
201400028222;14;8;3;1105;1;2;1;1.0;1;1;FOCH (PL. DU MARECHAL);;;;470
201400028225;14;9;16;830;1;2;3;1.0;7;31;RUE DES VOSGES;;;;470
201400028228;14;10;9;1730;1;2;6;1.0;3;1;ANCIENS COMBATTANTS AFN;;;;470
201400028230;14;10;20;2135;5;2;1;1.0;2;1;., LIBERATION (PONT DE L;;;;470
201400028238;14;2;7;1530;1;2;6;1.0;3;323;1, REVOLUTION (PLACE DE;;;;470
201400028243;14;6;18;1545;1;2;5;1.0;3;323;PUJOLS (AV);;;;470
201400028261;14;1;6;1525;1;2;1;2.0;3;7;14, BIRGE BOULEVARD;M;4747993.0;-52162.0;490
201400028276;14;1;27;1635;1;2;1;1.0;3;7;MELGRANI IMPASSE ET RUE;M;4747513.0;-59446.0;490
201400028279;14;2;5;744;5;2;1;2.0;3;7;MONPROFIT PLACE;M;4747418.0;-56712.0;490
201400028281;14;2;10;755;2;2;1;2.0;7;7;78, VOLNEY;M;4746092.0;-53943.0;490
201400028285;14;2;11;940;1;2;1;1.0;3;7;Bd J. MILLOT;M;4745609.0;-53374.0;490
201400028289;14;2;11;1603;1;2;6;1.0;3;7;Rue de la LANDE;M;4747694.0;-59880.0;490
201400028293;14;2;14;1735;1;2;6;8.0;3;7;Bd du BON PASTEUR;M;4747034.0;-56923.0;490
201400028301;14;2;21;856;1;1;1;1.0;2;7;1, VILLESICARD RUE;M;4744948.0;-53028.0;490
201400028304;14;2;22;1140;1;2;1;1.0;6;7;52, ROI RENE BOULEVARD;M;4746703.0;-55476.0;490
201400028315;14;3;15;1755;1;2;2;1.0;5;7;DEUX CROIX BOULEVARD;M;4747113.0;-53113.0;490
201400028333;14;4;2;1700;1;2;1;1.0;2;246;1, PONT DUMNACUS;M;4742248.0;-52368.0;490
201400028340;14;4;4;1350;1;2;1;1.0;6;7;PASTEUR AVENUE;M;4747649.0;-53289.0;490
201400028341;14;4;10;1816;1;2;1;1.0;7;7;1, BRISSAC;M;4746460.0;-55042.0;490
201400028343;14;4;9;1510;1;2;3;1.0;3;7;PRE PIGEON;M;4747629.0;-53907.0;490
201400028352;14;4;15;1610;1;2;6;1.0;3;7;JUSTICES PLACE;M;4745337.0;-52593.0;490
201400028357;14;4;16;1900;1;2;1;1.0;6;7;24 av notre dame du lac;M;4747862.0;-58549.0;490
201400028359;14;4;12;1836;1;2;1;1.0;7;7;132, JAURES;M;4745366.0;-52574.0;490
201400028368;14;4;25;748;1;2;1;1.0;3;7;00, BAUMETTE PROMENADE;M;4745520.0;-57299.0;490
201400028377;14;5;13;1230;1;2;1;1.0;6;7;Rue colonel leon FAYE;M;4748964.0;-51472.0;490
201400028380;14;5;19;1420;1;2;1;1.0;6;7;VERDUN PONT;M;4747323.0;-55844.0;490
201400028381;14;5;16;1655;1;2;6;1.0;3;7;ROI RENE BOULEVARD;M;4746854.0;-55867.0;490
201400028387;14;5;16;1716;1;2;1;1.0;6;7;LORRAINE PLACE;M;4746972.0;-54774.0;490
201400028390;14;5;17;1726;1;2;1;1.0;7;7;DAUDET RUE ET SQUARE;M;4748722.0;-58099.0;490
201400028391;14;5;16;1836;1;2;1;1.0;6;7;104 rue BRESSIGNY;M;4746608.0;-54710.0;490
201400028394;14;5;22;1217;1;2;1;1.0;6;7;LAVOISIER BOULEVARD;M;4748062.0;-60388.0;490
201400028396;14;5;24;1520;1;2;2;1.0;6;7;BEAUREPAIRE;M;4747437.0;-56021.0;490
201400028404;14;5;30;1848;1;2;1;1.0;6;7;0, DAVID D'ANGERS;M;4747116.0;-54934.0;490
201400028408;14;6;7;1050;1;2;3;2.0;7;7;RUE ROC EPINE;M;4748241.0;-58081.0;490
201400028411;14;6;12;1420;1;2;6;1.0;6;7;COUBERTIN BOULEVARD;M;4746425.0;-53139.0;490
201400028412;14;6;13;1859;1;2;1;1.0;6;7;RUE SAUMUROISE;M;4745691.0;-53200.0;490
201400028413;14;6;13;1917;1;2;2;1.0;3;7;0, BOISNET RUE;M;4747435.0;-55237.0;490
201400028417;14;6;20;825;1;2;2;1.0;3;7;BICHON PLACE;M;4747842.0;-56475.0;490
201400028418;14;6;22;1057;1;2;6;1.0;6;246;GALLIENI AVENUE;M;4743710.0;-51467.0;490
201400028427;14;7;2;1628;1;2;1;1.0;6;7;ONZE NOVEMBRE 1918 AV;M;4747102.0;-54590.0;490
201400028434;14;7;7;1720;1;2;1;1.0;6;7;MAURIAC SQUARE;M;4744580.0;-56592.0;490
201400028441;14;7;18;1745;1;2;1;1.0;1;15;0, ARDENNE RUE ET CHEMIN;M;4751149.0;-59264.0;490
201400028446;14;7;28;1157;1;2;2;1.0;6;7;BEAUREPAIRE;M;4747473.0;-56087.0;490
201400028457;14;8;28;1250;1;2;1;1.0;3;7;22, MAIL;M;4747466.0;-55290.0;490
201400028465;14;9;4;1733;1;2;1;1.0;6;7;267 rue SAUMUROISE;M;4745383.0;-52698.0;490
201400028474;14;9;18;1750;1;2;1;1.0;2;15;188, MENDES FRANCE AVENU;M;4750940.0;-59257.0;490
201400028484;14;9;23;1700;1;2;1;1.0;6;7;RUE DE LA POISSONNERIE;M;4747283.0;-55615.0;490
201400028488;14;9;25;1445;1;2;1;1.0;7;7;PAPILLAIE CHEMIN;M;4745953.0;-60336.0;490
201400028491;14;9;26;2039;3;2;6;1.0;3;7;RUE MAJOR ALLARD;M;4747682.0;-54075.0;490
201400028494;14;9;29;1625;1;2;2;1.0;3;7;Bd AYRAULT;M;4747540.0;-54914.0;490
201400028495;14;9;29;751;2;2;1;1.0;7;7;RUE DE L'ETANDUERE;M;4745596.0;-55383.0;490
201400028503;14;10;6;1545;1;2;1;3.0;2;7;JEANNE D'ARC AVENUE;M;4746884.0;-54174.0;490
201400028509;14;10;9;1505;1;2;2;1.0;3;7;Bd RESISTANCE ET DEPORTA;M;4747132.0;-54690.0;490
201400028517;14;10;14;1744;1;2;6;1.0;3;7;AMSLER RUE;M;4748788.0;-55409.0;490
201400028521;14;10;16;944;1;2;2;1.0;6;7;FOCH BOULEVARD;M;4746842.0;-55022.0;490
201400028523;14;10;19;134;5;2;2;1.0;3;7;20, PASTEUR AVENUE;M;4747219.0;-54097.0;490
201400028526;14;10;18;1635;1;2;6;1.0;3;15;avenue de la boissière;M;4749053.0;-58267.0;490
201400028530;14;10;23;910;1;2;6;1.0;3;353;RUE CLOS DU PLESSIS;M;4744072.0;-49841.0;490
201400028531;14;10;23;1610;1;2;3;1.0;3;7;Bd Général de GAULLE;M;4746973.0;-56189.0;490
201400028541;14;10;30;2030;3;2;4;1.0;3;7;RUE DU DAGUENET;M;4747504.0;-52534.0;490
201400028552;14;11;10;1925;5;2;1;2.0;3;7;27B, LA COMBE RUE;M;4748625.0;-57899.0;490
201400028557;14;11;6;745;1;2;6;1.0;3;7;ARAGON AVENUE;M;4747202.0;-56714.0;490
201400028569;14;11;25;1846;5;2;1;5.0;6;7;RUE DES CAPUCINS;M;4748708.0;-55496.0;490
201400028577;14;12;3;1305;1;2;1;1.0;2;7;86, PATTON AVENUE;M;4747349.0;-58833.0;490
201400028592;14;12;15;2050;5;2;3;1.0;7;7;16, FOCH BOULEVARD;M;4746943.0;-54922.0;490
201400028597;14;12;18;1923;5;2;6;1.0;6;7;0, KENNEDY PLACE;M;4746857.0;-55866.0;490
201400028599;14;12;19;1925;5;2;3;2.0;3;7;FAURE QUAI;M;4748310.0;-54918.0;490
201400028622;14;4;1;830;1;2;6;1.0;3;99;DELHUMEAU PLESSIS (Bd);M;4705567.0;-87642.0;490
201400028643;14;7;17;1735;1;2;1;1.0;3;99;CHENE ROND (AVENUE DU);M;4704182.0;-88513.0;490
201400028660;14;11;4;745;2;2;3;8.0;3;99;NANTES (AVENUE DE);M;4705977.0;-90075.0;490
201400028672;14;1;29;1225;1;2;6;1.0;7;328;G. POMPIDOU (AV);M;4726513.0;-10105.0;490
201400028677;14;2;26;1415;1;2;1;1.0;6;328;32, SEIGNEUR (RUE);M;4725318.0;-7877.0;490
201400028678;14;2;26;1820;2;2;6;1.0;3;328;RESISTANCE (PLACE DE LA);M;4726718.0;-6978.0;490
201400028681;14;3;18;1005;1;2;6;8.0;6;328;sans, DELESSERT (BOULEVA;M;4726021.0;-8908.0;490
201400028692;14;4;15;1140;1;2;6;1.0;3;328;AMIOT (RUE JULES);M;4726124.0;-9863.0;490
201400028701;14;5;19;755;1;2;6;1.0;3;328;CHEMIN VERT (RUE DU);M;4724691.0;-7707.0;490
201400028710;14;6;28;1505;1;2;1;3.0;7;328;PONT FOUCHARD (RUE);M;4724890.0;-9091.0;490
201400028718;14;8;6;1820;1;2;6;1.0;3;328;sans, FONTEVRAUD (ROUTE;M;4724673.0;-6371.0;490
201400028728;14;9;15;2210;3;1;1;1.0;2;328;ANGERS (ROUTE D');M;4727126.0;-7723.0;490
201400028730;14;9;22;1755;1;2;1;1.0;2;328;FUSILLES (AVENUE DES);M;4727910.0;-5683.0;490
201400028736;14;10;24;1700;1;2;2;1.0;3;328;GRANDE RUE (RUE);M;4725633.0;-7677.0;490
201400028756;14;1;14;1405;1;2;2;1.0;6;129;PLACE JEAN JAURES;M;4963400.0;-162250.0;500
201400028757;14;1;15;740;5;2;1;1.0;3;129;ROND POINT DE THEMIS;M;4963450.0;-161376.0;500
201400028759;14;1;18;1015;1;2;4;1.0;3;173;RUE DU FORT;M;4965690.0;-166166.0;500
201400028761;14;1;21;1740;5;2;1;2.0;6;602;RU GAL LECLERC;M;4963950.0;-160401.0;500
201400028794;14;4;6;1755;1;2;3;1.0;3;129;AL VERDUN/PL DES JUSTES;M;4962420.0;-164451.0;500
201400028799;14;4;18;1040;1;2;3;1.0;3;602;RUE DU BECQUET;M;4964980.0;-156620.0;500
201400028814;14;6;3;1610;1;2;1;1.0;6;129;PLACE NAPOLEON;M;4964230.0;-162221.0;500
201400028816;14;6;4;1915;1;2;1;1.0;6;129;RUE PIERRE DE COUBERTIN;M;4964260.0;-164059.0;500
201400028818;14;6;6;730;1;2;3;1.0;2;173;RUE DE LA PAIX;M;4964830.0;-164915.0;500
201400028836;14;7;7;1620;1;2;2;1.0;3;173;R VAUBAN/BD SALINE;M;4965390.0;-164909.0;500
201400028843;14;7;22;1635;1;2;2;1.0;3;173;R PAUL BERT/R SALENGRO;M;4965010.0;-165197.0;500
201400028850;14;8;9;820;1;2;1;1.0;2;602;RUE MEDERIC;M;4964140.0;-159290.0;500
201400028851;14;8;15;2015;1;2;2;1.0;3;129;0, CACHIN (RUE DE L'INGE;M;4963960.0;-161740.0;500
201400028859;14;9;2;1700;1;2;3;1.0;7;129;;M;4963330.0;-161732.0;500
201400028871;14;9;25;1115;1;2;2;1.0;3;602;AVENUE DE NORTHEIM;M;4964430.0;-158156.0;500
201400028874;14;9;30;910;1;2;1;1.0;7;129;RUE DE L'ABBAYE;M;4964560.0;-163881.0;500
201400028898;14;10;31;825;1;2;3;1.0;1;129;AVENUE CESSART;M;4964680.0;-164240.0;500
201400028906;14;11;15;1710;2;1;1;1.0;7;162;LA BESNARDERIE;M;4959810.0;-155296.0;500
201400028933;14;4;30;1810;1;2;3;1.0;3;147;BD ALSACE LORRAINE/R NOR;M;4905340.0;-144189.0;500
201400028938;14;11;15;1150;1;2;1;1.0;6;147;RUE ERNEST HULIN;M;4904640.0;-143895.0;500
201400028958;14;5;10;1840;1;2;1;1.0;7;218;RUE DU PORT;M;4883480.0;-160767.0;500
201400028961;14;6;4;1640;1;1;1;1.0;3;218;RUE DE LA CRETE;M;4882400.0;-157569.0;500
201400028974;14;7;31;1830;1;2;1;1.0;2;218;RUE DU FOURNEAU;M;4881780.0;-157229.0;500
201400029022;14;10;27;835;1;2;3;1.0;1;502;RUE JOUHAUX L?ON;M;4911450.0;-105448.0;500
201400029034;14;4;6;717;2;2;1;1.0;1;506;24 AVENUE JACQUES SIMON;;;;510
201400029040;14;6;23;1935;1;2;1;1.0;6;108;RUE D ORFEUIL;;;;510
201400029042;14;9;10;1330;1;2;2;1.0;3;506;AVE J. SIMON/A. BAUDIET;;;;510
201400029045;14;10;7;1440;1;2;2;2.0;1;108;D60/AVENUE DES GREVIERE;;;;510
201400029083;14;6;19;2120;1;2;1;1.0;6;454;40 RUE DIEU LUMIERE;;;;510
201400029086;14;6;25;1900;1;2;1;1.0;3;55;D74;;;;510
201400029102;14;9;24;1155;1;2;1;1.0;3;454;RUE DES CRAYERES;;;;510
201400029106;14;10;11;1905;1;2;6;1.0;3;454;R. DE LOUVOIS/C. COLOMB;;;;510
201400029117;14;2;18;2035;5;2;6;2.0;2;121;89, VICTOIRE DE LA MARNE;M;4811473.0;514052.0;520
201400029123;14;4;27;1000;1;2;2;1.0;3;121;0, GIRARDEL (AVENUE PHIL;M;4809876.0;514696.0;520
201400029128;14;7;8;1645;1;2;6;1.0;6;121;0, MARECHAL DE LATTRE DE;M;4810742.0;514779.0;520
201400029134;14;10;10;800;1;2;1;1.0;6;121;0, NEUILLY (ROUTE DE) Rt;M;4808439.0;514600.0;520
201400029137;14;12;17;745;5;2;1;2.0;6;121;12, ETATS UNIS (AVNUE DE;M;4811984.0;514227.0;520
201400029140;14;3;26;1620;1;2;1;1.0;3;448;1, CAPUCINS (RUE DES);M;4862642.0;494735.0;520
201400029163;14;5;17;1740;1;2;3;1.0;3;34;26, MAINE ( RUE DU );M;4807334.0;-69995.0;530
201400029164;14;5;28;750;1;2;3;1.0;6;130;KLEBER ( AVENUE );M;4805721.0;-74618.0;530
201400029170;14;9;9;1810;1;1;1;7.0;2;201;RD 57 VERS RENNES;M;4807148.0;-85648.0;530
201400029186;14;5;28;1224;1;2;3;1.0;3;263;137 (RD);M;4922424.0;598184.0;540
201400029189;14;4;30;1424;1;2;1;1.0;6;36;10, FERRY (RUE JULES);;;;540
201400029228;14;8;14;1700;1;2;1;1.0;6;323;NC, ARISTIDE BRIAND (RUE;;;;540
201400029251;14;1;11;1745;5;2;1;1.0;3;395;LOBAU (BOULEVARD);;;;540
201400029255;14;1;15;1600;1;2;3;1.0;3;395;ROUBAIX (RUE DE);;;;540
201400029269;14;1;24;1355;1;2;1;1.0;2;304;18, BERT (RUE PAUL);;;;540
201400029270;14;1;26;1410;1;2;3;1.0;3;184;BRIGACHTAL (AVENUE DE);;;;540
201400029289;14;2;6;850;1;2;1;1.0;2;257;ERABLES (AVENUE DES);;;;540
201400029302;14;2;24;830;1;2;1;1.0;3;547;MILAN (RUE DE);;;;540
201400029307;14;2;25;740;1;2;2;1.0;3;395;TOMBLAINE (RUE DE);;;;540
201400029308;14;2;25;1200;1;2;1;1.0;3;395;101, LIBERATION (AVENUE;;;;540
201400029321;14;3;7;1430;1;2;1;1.0;6;395;SAINTE CATHERINE (QUAI);;;;540
201400029326;14;3;17;1959;5;2;1;1.0;3;300;GALTIER (RUE LUCIEN);;;;540
201400029337;14;3;28;1355;1;2;1;1.0;1;395;JOFFRE (Boulevard);;;;540
201400029339;14;3;29;1850;2;2;3;1.0;3;395;MALZEVILLE (PONT DE);M;4870333.0;618187.0;540
201400029356;14;4;12;1745;1;1;1;1.0;2;25;SAINT PHLIN (RUE DU FAUB;M;4865077.0;627108.0;540
201400029373;14;4;25;1610;1;2;1;1.0;3;547;EUROPE (BOULEVARD DE L');;;;540
201400029383;14;5;3;1700;1;2;1;1.0;2;547;109, JAURES (AVENUE JEAN;;;;540
201400029392;14;5;15;1620;1;2;1;1.0;6;395;SAINT DIZIER (RUE 2;;;;540
201400029394;14;5;16;1650;1;2;3;1.0;3;274;NEY (RUE DU MARECHAL);;;;540
201400029400;14;5;29;1820;1;2;1;9.0;6;395;VOSGES (PLACE DES);;;;540
201400029402;14;5;26;850;1;2;1;1.0;3;547;19, LUXEMBOURG (RUE DU);;;;540
201400029407;14;6;3;420;5;2;1;1.0;1;395;27, STANISLAS (RUE);;;;540
201400029412;14;6;7;1850;1;2;1;1.0;6;482;ALEXANDRE 1ER (RUE);;;;540
201400029413;14;6;7;1850;1;2;1;1.0;3;395;VINGT SIXIEME R.I. (BOUL;;;;540
201400029415;14;6;10;1945;1;2;2;1.0;3;339;BARRES (RUE MAURICE);;;;540
201400029416;14;6;11;1825;1;2;1;7.0;3;328;CHAUDEAU (AVENUE DU);;;;540
201400029418;14;6;12;1400;1;2;1;1.0;6;395;QUATRE EGLISES (RUE;;;;540
201400029425;14;6;24;2100;2;2;1;1.0;3;395;MON DESERT (RUE);;;;540
201400029426;14;6;20;1430;1;2;1;1.0;3;395;15, DE LATTRE DE TASSIGN;;;;540
201400029429;14;6;22;445;5;2;1;1.0;7;395;SAINT GEORGES (RUE);;;;540
201400029430;14;6;24;1100;1;2;1;1.0;3;184;LE TRONC QUI FUME (LIEU-;;;;540
201400029434;14;6;30;1545;1;2;2;1.0;3;395;HAUT-BOURGEOIS (RUE DU);;;;540
201400029438;14;7;5;1955;1;2;1;1.0;3;328;PASTEUR (RUE LOUIS);;;;540
201400029444;14;7;14;1955;1;2;1;1.0;3;357;SEILLE (RUE DE LA);;;;540
201400029445;14;7;15;900;1;2;2;1.0;3;395;KENNEDY (VIADUC);;;;540
201400029457;14;7;22;1810;1;2;3;1.0;3;547;16, PERSEVERANCE (RUE DE;;;;540
201400029458;14;7;22;1925;1;2;1;1.0;6;395;BOUDONVILLE (RUE DU MOUL;;;;540
201400029464;14;7;31;1150;1;2;1;1.0;2;395;POINCARE (RUE RAYMOND 1-;;;;540
201400029468;14;8;5;1045;1;2;1;1.0;3;395;4, ROPARTZ (RUE GUY);;;;540
201400029472;14;8;6;1310;1;2;2;1.0;3;395;PALISSOT (RUE);;;;540
201400029477;14;8;14;1800;1;2;1;1.0;5;25;RD 126;M;4865894.0;627002.0;540
201400029490;14;8;27;952;1;2;6;1.0;3;395;0, BROT (Rond-Point Marc;;;;540
201400029501;14;9;10;1025;1;2;2;1.0;3;526;0, FRATERNITE (RUE DE LA;;;;540
201400029502;14;9;10;1215;1;2;1;1.0;3;300;RD 400;;;;540
201400029505;14;9;12;810;1;2;2;1.0;3;395;JOFFRE (Boulevard);;;;540
201400029507;14;9;12;1730;1;2;1;1.0;3;395;FOLLER (RUE);;;;540
201400029511;14;9;17;1800;1;2;1;1.0;6;526;0, JAURES (BOULEVARD JEA;;;;540
201400029527;14;9;27;1335;1;2;1;1.0;3;395;PINCHARD (AVENUE - TAMAR;;;;540
201400029532;14;9;30;1740;1;2;2;1.0;3;395;JAURES (BOULEVARD JEAN);;;;540
201400029536;14;10;6;730;1;2;2;1.0;3;395;KLEBER (RUE);;;;540
201400029549;14;10;13;1930;2;2;1;1.0;6;395;0, SAINTE CATHERINE (QUA;;;;540
201400029551;14;10;13;750;1;2;1;1.0;6;395;37, KLEBER (RUE);;;;540
201400029559;14;10;17;1645;1;2;2;1.0;3;578;MULLER (AVENUE PAUL);;;;540
201400029577;14;11;10;1920;5;2;3;1.0;6;395;0, KELLER (RUE CHARLES);;;;540
201400029585;14;11;18;1240;1;2;1;1.0;6;395;47, COMMANDERIE (RUE/PLA;;;;540
201400029589;14;11;24;740;1;2;1;1.0;3;184;SAULXURES (AVENUE DE);;;;540
201400029590;14;11;24;1449;1;2;2;1.0;3;395;MOUILLERON (RUE GABRIEL);;;;540