Num_Acc;an;mois;jour;hrmn;lum;agg;int;atm;col;com;adr;gps;lat;long;dep
201400034546;14;3;20;1620;1;2;1;1.0;6;8;13, MOLLEX GASTON BOULEV;M;4571620.0;588780.0;730
201400034558;14;2;14;1950;5;2;1;1.0;2;31;TURIN (AVENUE DE);M;4557130.0;594040.0;730
201400034567;14;7;19;1615;1;2;3;1.0;1;65;1, MICHAUD (RUE), JACQUE;M;4556260.0;592510.0;730
201400034577;14;1;24;2220;5;2;6;1.0;2;10;AVENUE DE GENEVE/ROCADE;;;;740
201400034586;14;3;11;1610;1;2;6;1.0;6;10;17 AV DES MARQUISATS;;;;740
201400034590;14;4;15;1055;1;2;6;1.0;3;93;AVENUE DE LA REPUBLIQUE;;;;740
201400034593;14;4;24;1725;1;2;1;1.0;6;10;AVENUE DES  MARQUISATS;;;;740
201400034594;14;5;3;1126;1;2;6;1.0;6;93;CHEVENNES/HARMONIES;;;;740
201400034611;14;8;8;1505;1;2;9;1.0;6;93;12, AVENUE DE  GEVRIER;;;;740
201400034621;14;11;21;1825;5;2;3;1.0;3;10;11, AVENUE D'ALBIGNY;;;;740
201400034623;14;12;19;1610;1;2;1;1.0;6;93;AVENUE DE  GEVRIER;;;;740
201400034625;14;1;17;600;5;2;1;3.0;6;12;RUE DE ROMAGNY;;;;740
201400034640;14;9;3;910;1;2;1;1.0;3;133;RUE DE GENEVE;;;;740
201400034653;14;1;7;1630;1;2;3;1.0;3;281;9, BD GEORGES ANDRIER;;;;740
201400034663;14;5;18;910;1;2;1;1.0;5;281;112, BD DE LA CORNICHE;;;;740
201400034668;14;5;18;845;1;2;1;1.0;1;218;341,AVENUE DE LA RIVE;;;;740
201400034681;14;10;17;1835;1;2;1;1.0;3;119;17 QUAI PAUL LEGER;;;;740
201400034685;14;12;23;950;1;2;3;7.0;3;281;8, RUE DE VERDUN;;;;740
201400034694;14;1;18;950;1;2;6;1.0;3;26;;M;4988172.0;112622.0;760
201400034725;14;8;7;1655;1;1;1;1.0;3;565;;M;4988682.0;108612.0;760
201400034727;14;8;10;1750;1;2;1;1.0;3;217;26, PL HENRI DUNANT;M;4992921.0;110249.0;760
201400034735;14;11;2;1200;1;1;3;1.0;6;349;RD 925;M;4989242.0;104000.0;760
201400034763;14;8;16;1000;1;2;1;1.0;3;259;3,RTE DE GANZEVILLE;M;4974923.0;40327.0;760
201400034765;14;9;28;335;5;2;2;1.0;6;259;BD SUZANNE CLEMENT;M;4975276.0;39630.0;760
201400034778;14;1;10;1115;1;2;1;1.0;2;351;88, R GUSTAVE BRINDEAU;M;4949119.0;14080.0;760
201400034779;14;1;11;430;5;2;2;2.0;7;351;22, PIERRE BROSSELETTE;M;4949180.0;11787.0;760
201400034797;14;2;7;1015;1;2;2;1.0;3;351;261, AV JEAN JAURES;M;4950037.0;16682.0;760
201400034816;14;3;7;945;1;2;3;1.0;3;351;176, R DU MARECHAL JOFFR;M;4950003.0;13071.0;760
201400034837;14;3;31;830;1;2;3;2.0;3;351;AV DU BOIS AU COQ;M;4951623.0;12000.0;760
201400034841;14;4;4;1500;1;2;2;1.0;7;351;28, R COLETTE;M;4951096.0;9914.0;760
201400034846;14;4;10;1230;1;2;3;1.0;3;351;BD CLEMENCEAU;M;4948964.0;9772.0;760
201400034852;14;4;17;1810;1;2;1;2.0;1;481;CHE DE  SAINT ANDRIEUX;M;4954590.0;10857.0;760
201400034869;14;5;13;750;1;2;1;2.0;3;351;112, BD JULES DURAND;M;4949020.0;15828.0;760
201400034872;14;5;17;1340;1;2;5;1.0;3;351;R JEAN BORDA;M;4950897.0;10830.0;760
201400034874;14;5;20;1925;1;2;1;1.0;6;351;R DE LA BIGNE A FOSSE;M;4952294.0;11350.0;760
201400034878;14;5;27;1150;1;2;1;1.0;7;351;R CASIMIR DELAVIGNE;M;4949468.0;12071.0;760
201400034889;14;6;14;1825;1;2;1;1.0;2;351;66, R JEAN JACQUES ROUSS;M;4949764.0;13131.0;760
201400034900;14;6;29;1010;1;2;3;3.0;3;351;354, R DE VERDUN;M;4950242.0;17470.0;760
201400034918;14;8;1;1420;1;2;2;1.0;6;305;R ROMAIN ROLLAND;M;4952351.0;22374.0;760
201400034927;14;8;23;550;2;2;1;1.0;3;351;70, QU FRISSARD;M;4949088.0;12957.0;760
201400034934;14;9;10;1845;1;2;4;1.0;5;552;R ALBERT DUBOSC;M;4950532.0;8530.0;760
201400034935;14;9;11;1350;1;2;1;1.0;3;351;128,R MARCEAU;M;4949185.0;13280.0;760
201400034946;14;10;2;1040;1;2;1;1.0;3;351;PL DE L HOTEL DE VILLE;M;;;760
201400034950;14;10;7;809;1;2;2;1.0;7;351;234, R LOUIS LUMIERE;M;4952408.0;12292.0;760
201400034956;14;10;10;1730;1;2;1;1.0;6;351;BD CLEMENCEAU;M;4949218.0;9600.0;760
201400034966;14;10;22;1000;1;2;2;1.0;3;351;103, BD STRASBOURG;M;4949299.0;11438.0;760
201400034975;14;11;1;2125;5;2;1;1.0;6;351;PL PIERRE COURANT;M;4949238.0;11705.0;760
201400035007;14;12;6;2115;5;2;1;1.0;7;305;66, RTE D ORCHER;M;4950189.0;22189.0;760
201400035047;14;1;20;800;5;2;2;1.0;4;540;90, R JEANNE D'ARC;M;4944468.0;109215.0;760
201400035087;14;2;11;608;5;2;3;2.0;3;540;5, R DU DOCTEUR GALLOUEN;M;4943463.0;111784.0;760
201400035097;14;2;28;840;1;2;1;2.0;1;540;75, AV DU MONT RIBOUDET;M;4944736.0;106828.0;760
201400035102;14;3;9;815;1;2;2;1.0;3;540;R DE CONSTANTINE;M;4944899.0;106690.0;760
201400035122;14;3;7;720;1;2;1;1.0;3;540;136, R SAINT HILAIRE;M;4944234.0;110705.0;760
201400035132;14;4;13;1815;1;2;2;1.0;3;575;AV AMBROISE CROIZAT;M;4937492.0;110265.0;760
201400035177;14;5;28;1800;1;2;1;1.0;6;540;23, R ROLLON;M;4944283.0;108933.0;760
201400035178;14;5;18;1750;1;2;3;1.0;3;540;R DE  VICOMTE;M;4944084.0;108839.0;760
201400035213;14;8;11;1400;1;1;1;1.0;6;486;1, RD 938 (VERS GRAND CO;M;4933635.0;101292.0;760
201400035215;14;8;13;1605;1;2;2;1.0;3;322;R SADI CARNOT;M;4941099.0;103176.0;760
201400035237;14;9;9;1610;1;2;7;1.0;3;131;11, Bateau (Place du);M;4935232.0;93043.0;760
201400035254;14;9;22;1603;1;2;1;1.0;6;540;10, R DE LA REPUBLIQUE;M;4943788.0;109656.0;760
201400035259;14;10;7;1920;2;2;4;1.0;2;451;R SAINT MAUR;M;4945352.0;108553.0;760
201400035299;14;11;25;1615;1;2;6;1.0;2;497;R GERMAINE BEAUMONT;M;4939652.0;103099.0;760
201400035329;14;3;6;915;1;2;1;1.0;6;479;01, GUE DE LAUNAY (CHEMI;;;;770
201400035334;14;4;16;1920;1;2;1;1.0;6;108;33, GAMBETTA ( RUE );;;;770
201400035346;14;5;28;1750;1;2;1;2.0;1;108;TRINQUAND (AVENUE FRANCO;;;;770
201400035367;14;11;12;1625;1;2;1;1.0;6;108;CLAYE (AVENUE DE);;;;770
201400035437;14;11;1;1610;1;2;1;1.0;2;14;44, VALVINS (AVENUE DE);;;;770
201400035478;14;11;19;2035;5;2;1;1.0;2;369;6, MEAUX (AVENUE DE);;;;770
201400035503;14;8;1;1720;1;2;1;1.0;2;288;CORBEIL (AVENUE DE);;;;770
201400035506;14;9;11;1925;1;1;1;1.0;3;389;ROUTE NATIONALE 6;;;;770
201400035512;14;11;1;2030;5;1;1;1.0;2;518;RD 372;;;;770
201400035520;14;7;3;1550;1;2;6;1.0;6;445;D. 50;;;;770
201400035538;14;3;29;1245;1;2;6;7.0;3;122;PABLO PICASSO(RUE);;;;770
201400035547;14;9;24;1223;1;2;2;1.0;3;445;CAMELINAT (AVENUE ZEPHIR;;;;770
201400035558;14;12;15;1610;5;1;1;8.0;6;251;PAUL DELOUVRIER (AVENUE);;;;770
201400035595;14;3;12;825;1;2;3;1.0;6;83;ALBERT SCHWEITZER (RUE);;;;770
201400035609;14;6;16;1900;1;2;1;1.0;7;83;CHELLES (AVENUE DE);;;;770
201400035618;14;9;9;1815;1;2;1;1.0;1;83;2, PYRAMIDES (AVENUE DES;;;;770
201400035635;14;2;2;125;3;1;9;9.0;2;374;CD 21;M;4847360.0;241535.0;770
201400035652;14;10;7;1540;1;1;6;1.0;3;374;CD 21;;;;770
201400035662;14;6;4;935;1;2;3;2.0;3;260;01, ANDRE TATON (RUE);;;;770
201400035663;14;10;19;1615;1;2;1;1.0;3;403;6 BIS, RUE DE CHANOY;;;;770
201400035693;14;1;30;1515;1;2;1;1.0;6;172;37, GAILLON (QUAI DE);;;;780
201400035696;14;5;15;2130;2;1;1;1.0;2;15;RD 55;;;;780
201400035703;14;6;20;1655;1;2;1;1.0;3;397;HENRI IV (PLACE);;;;780
201400035704;14;6;30;1140;1;2;1;1.0;3;168;ARPENTS (BOULEVARD DES);;;;780
201400035713;14;3;20;820;1;2;1;7.0;1;208;BOISSIERE (ROND POINT DE;;;;780
201400035714;14;2;3;730;5;2;6;9.0;3;383;CAMARGUE (IMPASSE DE);;;;780
201400035746;14;1;30;1305;1;1;1;1.0;2;423;RD 10;;;;780
201400035757;14;9;14;1955;1;2;1;1.0;6;688;CD 36;;;;780
201400035767;14;1;13;740;5;2;1;1.0;3;311;16, VOLTAIRE (RUE);;;;780
201400035787;14;9;28;1114;1;2;1;1.0;3;396;Avenue de la R?publique;;;;780
201400035789;14;12;24;1225;1;2;1;9.0;2;358;ALBINE (AVENUE);;;;780
201400035814;14;10;3;1020;1;2;1;1.0;3;361;00, RUE DENIS PAPIN;;;;780
201400035821;14;12;23;2010;5;2;6;1.0;3;361;00, BD GEORGES CLEMENCEA;;;;780
201400035825;14;7;3;1110;1;2;1;1.0;3;502;16, SIMON VOUET (AVENUE);;;;780
201400035832;14;5;13;845;1;2;1;8.0;3;403;0, CHATEAUBRIAND (AVENUE;;;;780
201400035877;14;1;30;1230;1;2;2;1.0;1;401;ALBERT JOZON (RUE);;;;780
201400035898;14;6;4;1020;1;2;6;2.0;1;490;0, DIX NEUF MARS 62 ( AV;;;;780
201400035905;14;8;31;1120;1;1;1;1.0;2;490;CHEVREUSE (AVENUE DE);;;;780
201400035914;14;1;24;1645;1;2;1;1.0;2;624;DOUMER RUE PAUL;;;;780
201400035933;14;4;2;1550;1;2;2;1.0;3;643;BURES AVENUE DE (MARSINV;;;;780
201400035949;14;7;1;1815;1;2;1;1.0;7;123;EUROPE (RN 190) AVENUE D;;;;780
201400035954;14;8;17;1800;1;2;1;1.0;7;672;448, DE GAULLE AVENUE DU;;;;780
201400035983;14;6;21;1640;1;2;2;1.0;3;517;0, PRUNELLIERS (RUE DES);;;;780
201400035986;14;8;31;1130;1;1;1;1.0;2;220;0, DAMPIERRE (RUE DE);;;;780
201400036013;14;7;15;1600;1;1;1;8.0;2;551;RN 184;;;;780
201400036047;14;2;14;805;1;2;1;2.0;3;621;BERLIOZ (RUE HECTOR);;;;780
201400036070;14;4;1;900;1;2;4;1.0;3;686;JEAN REY (RUE);;;;780
201400036078;14;9;4;1500;1;2;1;1.0;6;640;MORANE-SAULNIER (AVENUE);;;;780
201400036090;14;9;30;1110;1;2;9;1.0;6;158;POTTIER (RUE);;;;780
201400036097;14;1;9;1725;2;2;1;1.0;3;646;CLEMENT ADER (AVENUE);;;;780
201400036105;14;10;14;1810;1;2;2;1.0;2;646;ROYALE (RUE);;;;780
201400036106;14;3;6;1245;1;2;3;1.0;2;646;69, MARECHAL FOCH (RUE D;;;;780
201400036111;14;3;16;1005;1;2;3;1.0;3;646;GENERAL DE GAULLE;;;;780
201400036118;14;11;21;1250;1;2;1;1.0;7;646;53, MARECHAL FOCH (RUE D;;;;780
201400036123;14;8;1;1355;1;2;1;1.0;6;646;5, GENERAL DE GAULLE (AV;;;;780
201400036127;14;10;6;710;2;2;1;1.0;3;158;11, DEBASSEUX (AVENUE);;;;780
201400036130;14;11;4;1200;1;2;1;1.0;1;646;45, ETATS UNIS (AVENUE D;;;;780
201400036145;14;9;12;1655;1;2;3;1.0;6;190;0, PONTS (RUE DES);;;;780
201400036151;14;2;2;1540;1;2;2;1.0;6;191;12 R FIEF D'AMOURETTES;;;;790
201400036155;14;3;13;1020;1;2;1;1.0;1;191;1 QUAI DE BELLE ILE;;;;790
201400036200;14;3;21;750;1;2;2;3.0;3;300;RUE DU DOCTEUR BASSET;;;;790
201400036204;14;4;10;745;1;2;6;1.0;2;329;RUE GAMBETTA;;;;790
201400036225;14;12;9;945;1;2;2;1.0;1;329;1 BOULEVARD JEAN JAURES;;;;790
201400036247;14;1;7;1520;1;2;6;1.0;3;21;RUE LESCOUVE;M;4989088.0;227686.0;800
201400036323;14;4;14;1840;1;2;1;1.0;2;489;AVENUE VICTOR HUGO;M;4986679.0;235493.0;800
201400036327;14;4;16;1830;1;2;1;1.0;3;21;RUE LEGRAND D' AUSSY;M;4989125.0;231188.0;800
201400036331;14;4;30;1350;1;2;1;1.0;2;21;2,RUE DE LA DEUXIEME DB;M;4989381.0;229302.0;800
201400036335;14;5;6;1730;1;2;6;3.0;3;21;00, POINTIN (RUE);M;4988547.0;231223.0;800
201400036341;14;5;19;1340;1;2;1;1.0;3;21;6, RUE ALFRED CATEL;M;4990395.0;227877.0;800
201400036348;14;6;5;845;1;2;3;1.0;3;21;00, GUYENCOURT (BOULEVAR;M;4989266.0;228475.0;800
201400036366;14;7;1;1525;1;2;3;1.0;3;21;00, SAVEUSE (RUE DE);M;4990414.0;226570.0;800
201400036379;14;7;22;1700;1;2;1;1.0;2;21;93, SAINT PIERRE (CHAUSS;M;4990295.0;230455.0;800
201400036383;14;8;2;2050;1;2;1;1.0;2;21;2, GENERAL FRERE (RUE DU;M;4990453.0;230210.0;800
201400036388;14;8;7;1750;1;2;3;1.0;3;702;00, DEPARTEMENTALE 7 (RO;M;4983764.0;230980.0;800
201400036390;14;8;19;1730;1;2;1;1.0;3;725;54, JEAN JAURES (AVENUE);M;4986576.0;224039.0;800
201400036418;14;9;26;2235;5;2;3;1.0;3;21;DEPORTES (RUE DES);M;4990080.0;229872.0;800
201400036442;14;11;4;1135;1;2;1;1.0;3;160;00, JEAN CATELAS (RUE);M;4985915.0;233860.0;800
201400036445;14;11;8;2145;5;2;1;1.0;7;21;01, VANMARCKE (RUE);M;4989671.0;230059.0;800
201400036462;14;11;27;755;2;2;1;1.0;3;21;2, PAIX (AVENUE DE LA);M;4991162.0;229666.0;800
201400036472;14;12;12;1355;1;2;2;2.0;3;21;SAINT PIERRE (CHAUSSEE);M;4990257.0;230268.0;800
201400036484;14;3;28;850;1;2;1;1.0;2;4;31, GOYA (FRANCISCO);M;4393700.0;216703.0;810
201400036499;14;1;10;1100;1;1;1;1.0;2;65;TOULOUSE RN 126 (RTE DE);M;4358880.0;219311.0;810
201400036507;14;9;19;1555;1;2;1;1.0;3;65;ROQUECOURBE (AV. DE);M;4362310.0;225188.0;810
201400036530;14;1;3;915;1;2;3;2.0;3;121;NC, GOUZE(boulevard h);;;;820
201400036532;14;1;14;1020;1;2;6;3.0;3;121;NC, giratoire bouyer;;;;820
201400036547;14;3;18;1655;1;2;1;1.0;6;121;NC, fontaines ( esplanad;;;;820
201400036553;14;4;15;1730;1;1;1;1.0;4;121;MONTECH (AVENUE DE);;;;820
201400036558;14;6;9;1850;1;2;9;1.0;3;121;237, MOULIN (avenue jean;;;;820
201400036560;14;7;4;1130;1;2;1;1.0;7;121;15, LACAPELLE (FAUBOURG);;;;820
201400036563;14;8;7;1630;1;2;6;1.0;3;121;NC, DE LATTRE DE TASSIGN;;;;820
201400036567;14;9;11;1750;1;2;6;1.0;2;121;nc, ABBAYE (RUE DE L');;;;820
201400036595;14;5;4;1010;1;2;1;1.0;3;50;Boulevard FOCH;;;;830
201400036608;14;10;22;813;1;2;6;1.0;3;50;1, DOUAY(PLACE ABEL);;;;830
201400036610;14;10;26;1540;1;2;1;1.0;6;50;BROSSOLETTE(AVENUE  PIER;;;;830
201400036627;14;3;25;1445;1;1;1;1.0;7;61;RUE DES BATTERIES;M;4342027.0;674406.0;830
201400036654;14;9;25;1230;1;1;1;1.0;3;118;BOULEVARD EUGENE BRIEUX;;;;830
201400036657;14;9;25;1440;1;2;3;1.0;3;118;RUE DE LA SOLEILLETTE;M;4342909.0;677154.0;830
201400036676;14;1;12;1110;1;1;1;1.0;5;69;MARAIS ( ROUTE DES );;;;830
201400036686;14;5;18;1210;1;1;1;1.0;6;69;10289, PIERREFEU (ROUTE;;;;830
201400036692;14;7;25;1130;1;1;1;1.0;3;69;1374, NICE (ROUTE DE);;;;830
201400036693;14;7;23;1850;1;2;1;1.0;3;69;OLBIA  (VOIE);;;;830
201400036718;14;2;23;845;1;1;6;1.0;2;9;ARMEE D'AFRIQUE (RP);;;;830
201400036745;14;8;4;2030;1;2;6;1.0;3;129;617, MER (AVENUE DE LA);M;4309837.0;582774.0;830
201400036746;14;8;9;1855;1;2;3;1.0;6;129;282, MER (AVENUE DE LA);;;;830
201400036761;14;11;2;900;1;2;6;1.0;3;129;EMMENNINGEN (ROND POINT;;;;830
201400036765;14;11;6;1150;1;2;1;1.0;3;129;968, LAENNEC (AVENUE DE);;;;830
201400036817;14;1;20;2300;5;2;2;1.0;3;62;1, PAIX (AVENUE DE LA);;;;830
201400036841;14;3;7;1820;2;2;1;1.0;6;62;BECQUEREL (AVE ANTOINE);M;4313841.0;603308.0;830
201400036847;14;3;18;1415;1;2;1;1.0;2;62;213, NOUVEAU PIGEONNIER;M;4312406.0;601432.0;830
201400036857;14;4;1;1600;1;1;1;8.0;3;62;BICENTENAIRE (AV);M;4313556.0;602321.0;830
201400036865;14;4;5;1320;1;2;6;1.0;3;90;CAGNARDE (ROND POINT DE;M;4312724.0;587767.0;830
201400036885;14;5;16;810;1;2;1;1.0;3;62;0, PREMIER (BAT.INF.DU P;M;4301332.0;601714.0;830
201400036903;14;5;18;1530;1;2;2;1.0;3;137;GORLIER (RUE);M;4312952.0;591289.0;830
201400036910;14;6;18;715;1;2;6;1.0;3;137;ESCARTEFIGUE (CORNICHE);M;4313522.0;597742.0;830
201400036911;14;6;18;1815;1;2;1;1.0;3;137;0, RAGEOT DE LA TOUCHE (;M;4312765.0;592433.0;830
201400036924;14;7;16;1150;1;2;2;1.0;3;62;BARBUSSE (AV HENRI);M;4312784.0;592229.0;830
201400036938;14;8;7;1100;1;2;3;1.0;3;137;0, BRIAND (AVE ARISTIDE;M;4312125.0;589361.0;830
201400036988;14;10;17;715;1;2;6;1.0;3;144;MIRASOULEOU (AVE);M;4313551.0;597786.0;830
201400037010;14;11;20;1000;1;1;1;1.0;6;90;526, GORGES (ROUTE DES);;;;830
201400037051;14;6;23;1010;1;2;1;1.0;3;7;13-15, CHARLES DE GAULLE;;;;840
201400037053;14;7;25;1900;1;1;1;3.0;2;7;MARSEILLE (Route de );M;4389839.0;489739.0;840
201400037076;14;5;23;1650;1;2;6;1.0;3;35;ROUGET (BOULEVARD ANDRE);;;;840
201400037078;14;8;14;1538;1;1;2;1.0;5;35;ISLE/SORGUE-RD 938 (ROUT;M;4386384.0;504315.0;840
201400037079;14;8;16;500;2;2;3;1.0;3;35;SARNETTE (AVENUE ABEL);;;;840
201400037080;14;1;11;2240;5;2;3;1.0;1;87;CHATEAUNEUF (RUE DE);;;;840
201400037087;14;9;9;1615;1;1;6;1.0;3;87;ROUTE DE CHATEAUNEUF;;;;840
201400037088;14;10;23;2140;3;1;1;1.0;5;87;ROUTE D'UCHAUX;;;;840
201400037096;14;1;6;730;5;2;3;2.0;2;191;166 BOULEVARD A. BRIAND;M;4666650.0;-143017.0;850
201400037104;14;1;27;1840;5;2;1;1.0;6;191;BOULEVARD RIVOLI;M;4667065.0;-141577.0;850
201400037106;14;2;4;1900;5;2;1;3.0;6;191;24 BOULEVARD EDISON;M;4668165.0;-143663.0;850
201400037109;14;2;17;755;5;2;1;1.0;3;191;120 BOULEVARD LAVOISIER;M;4665972.0;-144077.0;850
201400037115;14;3;13;945;1;1;9;1.0;3;191;AVENUE YITZHAK RABIN;M;4669478.0;-142987.0;850
201400037125;14;5;13;930;1;2;6;1.0;3;191;BOULEVARD  LAVOISIER;M;4665973.0;-144076.0;850
201400037148;14;11;29;1510;1;1;1;1.0;2;191;LA DAVISIERE;M;4670150.0;-143977.0;850
201400037154;14;1;31;1530;1;2;6;1.0;3;166;BOULEVARD VENDEE GLOBE;M;4651340.0;-177665.0;850
201400037169;14;3;13;1525;1;2;1;1.0;3;194;QUAI ROUSSEAU MECHIN;M;4650074.0;-179669.0;850
201400037170;14;3;14;1720;1;2;1;1.0;3;194;2BIS PROMENADE G. GODET;M;4649023.0;-177209.0;850
201400037172;14;3;30;1630;1;2;1;1.0;6;194;PROMENADE DU M. JOFFRE;M;4649386.0;-179223.0;850
201400037177;14;4;24;750;1;2;1;1.0;6;166;BOULEVARD VENDEE GLOBE;M;4651343.0;-177667.0;850
201400037188;14;7;22;1210;1;2;1;1.0;3;60;AVENUE DE TALMONT;M;4648163.0;-171614.0;850
201400037190;14;8;1;1950;1;2;1;1.0;6;166;128 RUE G. CLEMENCEAU;M;4651542.0;-179068.0;850
201400037193;14;8;13;1930;1;1;1;1.0;3;166;ROUTE AMIS DE LA NATURE;M;4658706.0;-182909.0;850
201400037194;14;8;15;1945;1;1;1;1.0;1;60;PROMENADE E. HERRIOT;M;4646749.0;-173680.0;850
201400037195;14;8;20;1355;1;2;1;1.0;6;194;BOULEVARD D'ILE VERTIME;M;4650359.0;-178791.0;850
201400037196;14;8;21;1130;1;2;1;1.0;6;194;3 COURS JOSEPH DUPONT;M;4649727.0;-178195.0;850
201400037200;14;9;7;1600;1;2;4;1.0;3;194;BD DU SOUVENIR FRANCAIS;M;4650302.0;-179723.0;850
201400037201;14;9;12;1940;1;2;2;1.0;3;194;RUE DES ROSES;M;4649111.0;-176242.0;850
201400037203;14;9;18;1643;1;2;1;1.0;1;166;44  RUE DES BERGERS;M;4652338.0;-178220.0;850
201400037204;14;9;19;1045;1;2;1;1.0;5;194;25  AVENUE D'ANJOU;M;4650207.0;-177702.0;850
201400037205;14;10;1;930;1;2;3;1.0;3;194;AVENUE GENERAL GAULLE;M;4649852.0;-178133.0;850
201400037212;14;11;14;1625;1;2;2;7.0;3;60;RUE GEORGES CLEMENCEAU;M;4650352.0;-174292.0;850
201400037224;14;4;5;1345;1;2;4;1.0;3;66;1, ORILLARD (RUE ABEL);;;;860
201400037226;14;4;23;1505;1;2;3;1.0;3;66;CHATEAU (QUAI DU);;;;860
201400037236;14;10;4;1955;5;2;3;8.0;3;66;KREBS (RUE LOUIS CLEMENT;M;4681437.0;53516.0;860
201400037242;14;12;9;1535;1;2;3;2.0;3;66;LECLERC (AVENUE DU MAREC;;;;860
201400037285;14;3;10;400;5;2;1;1.0;3;194;61bd ANATOLE FRANCE;;;;860
201400037286;14;3;10;851;1;2;6;1.0;3;194;., NANTES (AVENUE DE);;;;860
201400037304;14;3;28;1825;1;2;3;1.0;3;194;4PLACE DE ROCHEMAUX;;;;860
201400037314;14;4;7;1740;1;2;1;1.0;3;194;215, FAUBOURG PONT NEUF;;;;860
201400037356;14;6;7;1830;1;2;2;1.0;3;194;., STADE (ROND POINT DU);;;;860
201400037358;14;6;8;1810;1;2;1;1.0;3;194;7, ROBERT SCHUMAN (AVENU;;;;860
201400037360;14;6;12;930;1;2;3;1.0;3;194;COURONNERIES (RUE DES);M;4659119.0;35555.0;860
201400037365;14;6;20;1805;1;2;6;1.0;3;194;., DEUX COMMUNES (RUE DE;;;;860
201400037376;14;7;22;1500;1;2;3;1.0;1;194;JEAN ALEXANDRE (RUE);M;4657781.0;34280.0;860
201400037397;14;8;29;1120;1;2;6;1.0;3;194;VICTOR SCHOELCHER (RUE);;;;860
201400037426;14;9;29;935;1;2;6;2.0;1;194;., MOZART (AVENUE);M;4656175.0;37363.0;860
201400037433;14;10;13;800;1;2;3;1.0;2;194;ROCADE EST (RD 162);;;;860
201400037436;14;10;18;1020;1;2;1;1.0;2;41;2, AMANDIERS (AVENUE DES;M;4659940.0;34367.0;860
201400037439;14;10;24;1330;1;2;3;1.0;3;194;., MARECHAL DE LATTRE DE;M;4658772.0;34903.0;860
201400037441;14;10;26;1845;1;2;1;1.0;3;194;., NORTHAMPTON (AVENUE D;M;4657850.0;37890.0;860
201400037444;14;10;29;1555;1;2;2;1.0;5;157;RN 147;;;;860
201400037470;14;12;6;1350;1;2;1;1.0;3;194;1, PROVIDENCE (RUE DE LA;M;4656368.0;36657.0;860
201400037492;14;1;8;1438;1;2;1;1.0;6;85;15, CLOS SAINTE MARIE (R;;;;870
201400037548;14;3;18;749;1;2;2;1.0;3;50;RN 147;;;;870
201400037575;14;4;16;900;1;2;1;1.0;6;85;20, MAUVENDIERE (RUE DE;;;;870
201400037596;14;5;3;1717;1;2;3;1.0;3;85;51, PISSARO (RUE CAMILLE;;;;870
201400037609;14;5;23;747;1;1;2;1.0;6;50;104, RD947;;;;870
201400037618;14;6;2;1704;1;2;1;1.0;3;85;12, PAGUENAUD (RUE JEAN-;;;;870
201400037649;14;7;2;755;1;2;1;1.0;4;85;145, FEYTIAT (RUE DE);;;;870
201400037659;14;7;16;1009;1;1;1;1.0;6;85;0, GROSSEREIX (ROND POIN;;;;870
201400037698;14;8;19;1205;1;2;1;1.0;6;85;28, GAY-LUSSAC (COURS);;;;870
201400037729;14;9;10;1810;1;2;1;1.0;6;85;65, BASTIE (RUE MARYSE);;;;870
201400037730;14;9;10;1826;1;2;1;2.0;6;85;RD941 (OUEST);;;;870
201400037735;14;9;18;814;1;2;3;1.0;3;85;33, DUMAS (AVENUE GEORGE;;;;870
201400037755;14;10;3;2231;5;2;3;1.0;3;85;27, CHENIEUX (RUE FRANCO;;;;870
201400037789;14;10;29;1436;1;1;1;1.0;6;85;0, GRAND BEAUNE (LIEU DI;;;;870
201400037793;14;10;31;1827;3;1;1;1.0;7;75;RD79;;;;870
201400037819;14;11;20;1701;1;2;1;1.0;6;85;69, LABUSSIERE (AVENUE E;;;;870
201400037823;14;11;28;1100;1;2;9;1.0;3;85;29, DE GAULLE (AVENUE DU;;;;870
201400037824;14;11;28;1340;1;2;1;1.0;6;85;79, GAMBETTA (BOULEVARD);;;;870
201400037866;14;3;19;1010;1;2;6;1.0;3;160;0, SAINT-DIE (AV. DE);M;4818300.0;646751.0;880
201400037878;14;6;22;1748;1;2;1;1.0;7;209;79, LECLERC ( RUE GENERA;M;4819088.0;641537.0;880
201400037892;14;4;22;2005;1;2;2;1.0;3;383;Faubourg du Val d'Ajol /;M;4801266.0;658576.0;880
201400037896;14;8;23;1500;1;1;1;3.0;1;462;RD23;M;4802070.0;666598.0;880
201400037902;14;10;4;1330;1;2;1;1.0;3;415;Route de Seux;;;;880