Num_Acc;an;mois;jour;hrmn;lum;agg;int;atm;col;com;adr;gps;lat;long;dep
201400037922;14;6;15;1150;1;2;3;1.0;3;413;26, Foucharupt ( Rue de;M;4828026.0;695159.0;880
201400037927;14;6;6;755;1;2;1;1.0;2;413;7, AVENUE DE ROBACHE;M;4829161.0;695119.0;880
201400037963;14;8;29;1100;1;2;9;1.0;6;342;0, PARIS (RUE DE);M;4822756.0;326669.0;890
201400037966;14;10;26;1620;1;2;2;1.0;1;387;000, PENITENTS (RUE DE L;M;4819949.0;329396.0;890
201400037976;14;1;8;1725;5;2;1;1.0;3;10;1, FOCH (AVENUE);;;;900
201400038005;14;3;18;1653;1;2;1;1.0;1;10;14, TROIS CHENES (AVENUE;;;;900
201400038021;14;4;24;12;5;2;1;1.0;6;99;37, ZOLA (RUE EMILE);;;;900
201400038035;14;6;8;1940;1;2;1;1.0;3;10;8, COPENHAGUE (RUE DE);;;;900
201400038036;14;6;9;2035;1;2;1;1.0;6;10;22, MITTERRAND (PROMENAD;;;;900
201400038042;14;6;22;1747;1;2;1;1.0;3;10;2, ANCETRES (FAUBOURG DE;;;;900
201400038045;14;6;25;1841;1;2;1;1.0;6;10;180, JAURES (AVENUE JEAN;;;;900
201400038046;14;7;3;845;1;2;6;1.0;3;10;2, QUAI (RUE DU);;;;900
201400038055;14;8;9;1250;1;2;2;1.0;3;10;FOLTZ (RUE);;;;900
201400038068;14;9;20;1545;1;2;1;1.0;6;10;27, VAUBAN (QUAI);;;;900
201400038072;14;9;25;1755;1;2;1;1.0;2;10;6, DANJOUTIN (RUE DE);;;;900
201400038086;14;10;16;649;3;2;6;2.0;6;10;DUNANT (BOULEVARD HENRI);;;;900
201400038098;14;11;17;1315;1;2;1;1.0;6;8;GRAND'RUE;;;;900
201400038101;14;11;18;1745;5;2;1;2.0;3;10;BOHN (AVENUE CHARLES);;;;900
201400038157;14;6;16;2255;5;2;2;1.0;3;347;SOURCE (RUE DE LA);;;;910
201400038161;14;6;19;1720;1;2;2;1.0;1;347;VERDUN (RUE DE);;;;910
201400038163;14;6;25;805;1;2;2;1.0;3;333;HUIT MAI 1945 (RUE DU);;;;910
201400038171;14;7;24;1730;1;2;1;1.0;3;21;9, DIVISION LECLERC (AVE;;;;910
201400038172;14;7;27;1335;1;2;1;1.0;3;103;COMMUNE DE PARIS (AV DE;;;;910
201400038221;14;12;15;800;5;2;1;1.0;1;425;RN 20;;;;910
201400038230;14;2;20;1745;1;2;1;1.0;6;27;BRIAND (AVENUE ARISTIDE);;;;910
201400038238;14;11;6;725;2;2;2;1.0;3;27;MORANGIS (AVENUE DE);;;;910
201400038249;14;1;30;820;2;2;2;1.0;1;114;VILLECRESNES (RUE);;;;910
201400038254;14;2;11;1700;1;2;6;1.0;3;114;PIERRE PROST (AVENUE);;;;910
201400038263;14;3;30;1845;1;2;1;1.0;3;215;ANATOLE FRANCE (RUE);;;;910
201400038267;14;5;18;1100;1;2;1;1.0;2;514;RD 33;;;;910
201400038277;14;6;30;2050;1;2;1;1.0;2;514;05, HENRI CHASLES (AVENU;;;;910
201400038287;14;8;22;1900;1;2;3;1.0;3;114;9, MONTMARTEL (RUE);;;;910
201400038291;14;9;24;830;1;2;3;1.0;1;114;LATERALE (RUE);;;;910
201400038341;14;6;11;1725;1;2;1;1.0;2;174;25, JEAN JAURES (BOULEVA;;;;910
201400038344;14;4;1;1710;1;2;1;1.0;3;174;7, HELOISE (rue);;;;910
201400038348;14;6;28;1040;1;2;6;1.0;3;174;08 MAI 1945 (AVENUE);;;;910
201400038402;14;7;14;1345;1;2;2;1.0;2;657;HENRI BARBUSSE (AVENUE);;;;910
201400038436;14;2;4;1710;1;2;1;1.0;7;469;1, VALLEE AUX LOUPS (RUE;;;;910
201400038444;14;3;2;1000;1;2;1;1.0;7;433;AUVERS (RUE D');;;;910
201400038466;14;5;27;1757;1;2;1;1.0;6;223;1, LIBERATION (SQUARE DE;;;;910
201400038467;14;5;30;950;1;2;3;1.0;1;223;BRESSAULT (RUE DE;;;;910
201400038480;14;7;5;1815;1;2;1;1.0;6;223;GUETTARD (RUE J.E;;;;910
201400038499;14;9;15;2055;2;2;1;1.0;2;223;CAMUS (RUE DU DOC;;;;910
201400038508;14;10;24;1725;1;2;1;1.0;7;469;MOULIN DE LA PLAN;;;;910
201400038509;14;10;31;1725;1;2;1;1.0;6;433;5, CHAMPINS (IMPASSE DE;;;;910
201400038611;14;3;13;1625;1;2;3;7.0;3;345;CORBEIL (ROUTE DE);;;;910
201400038621;14;6;3;1200;1;2;1;1.0;3;161;1, PARC (AVENUE DU);;;;910
201400038633;14;11;4;1243;1;2;2;1.0;3;161;GAY LUSSAC (RUE);;;;910
201400038667;14;1;12;1110;1;2;1;1.0;3;421;67, REPUBLIQUE (AVENUE D;;;;910
201400038672;14;1;30;1640;1;2;5;1.0;3;691;CARNOT (RUE);;;;910
201400038677;14;2;24;1435;1;2;3;1.0;1;691;GABRIEL PERI(RUE) N°4;;;;910
201400038679;14;3;9;1743;1;2;1;1.0;2;691;CHASSEURS (RUE);;;;910
201400038706;14;8;21;1740;1;2;1;1.0;3;191;François Miterrand (Aven;;;;910
201400038750;14;3;10;1830;1;2;1;1.0;2;471;17, JOFFRE (AVENUE DU MA;;;;910
201400038752;14;3;20;810;1;2;3;1.0;3;645;GATINES (SENTIER DES);;;;910
201400038774;14;3;19;710;1;2;1;1.0;1;471;104, DIMANCHERIE (AVENUE;;;;910
201400038777;14;8;1;840;1;2;6;1.0;3;477;SACLAY (ROUTE DE);;;;910
201400038786;14;5;31;1540;1;2;1;1.0;3;471;MONDETOUR (BOULEVARD DE);;;;910
201400038795;14;11;12;1225;1;2;1;1.0;6;645;GRANDS CHENES (RUE);;;;910
201400038819;14;3;27;820;1;2;6;1.0;3;549;ROGER PERRIAUD (PLACE);;;;910
201400038824;14;6;22;725;1;2;3;1.0;3;570;47, BRETIGNY (AVENUE);;;;910
201400038834;14;10;2;1255;1;2;1;1.0;3;549;200, CORBEIL (ROUTE DE);;;;910
201400038842;14;11;12;1625;1;2;1;1.0;1;549;REGIMENT NORMANDIE-NIEME;;;;910
201400038856;14;3;14;2030;2;2;1;1.0;6;589;DE GAULLE (AVENUE CHA;;;;910
201400038857;14;3;25;728;2;2;3;1.0;3;432;MUSSET (RUE ALFRED DE;;;;910
201400038872;14;5;19;1725;1;2;3;1.0;3;589;DUNANT (RUE HENRI);;;;910
201400038876;14;7;1;1800;1;2;1;1.0;2;589;GRAND VAUX (RUE DE);;;;910
201400038877;14;7;1;1635;1;2;1;1.0;3;589;LEUTHREAU  (AV ROBERT);;;;910
201400038898;14;12;3;850;1;2;2;2.0;3;432;95, LOTI (Av PIERRE);;;;910
201400038914;14;4;11;1420;1;2;1;1.0;6;14;MARECHAL JOFFRE (BD DU);;;;920
201400038918;14;6;5;1915;1;2;1;1.0;2;14;51, MARECHAL JOFFRE (BD;;;;920
201400038923;14;7;4;1519;1;2;2;1.0;6;2;GENERAL DE GAULLE (AVENU;;;;920
201400038933;14;10;31;610;5;2;3;1.0;3;14;GENERAL LECLERC (AV.) (1;;;;920
201400038962;14;2;5;1930;5;2;1;2.0;6;4;07, STATION ( RUE );;;;920
201400038972;14;2;13;2300;5;2;1;1.0;3;4;NS, INTERCOMMUNAL (B);;;;920
201400038990;14;3;28;1825;1;2;1;1.0;6;9;8BIS, PAUL DEROULEDE ( R;;;;920
201400039006;14;5;7;730;1;2;1;1.0;1;4;NS, SCHEURER KESTNER;;;;920
201400039050;14;7;25;1005;1;2;1;1.0;3;4;07, ARGENTEUIL AV D';;;;920
201400039077;14;10;8;1055;1;2;2;2.0;3;4;28, RPC GILBERT;;;;920
201400039085;14;10;23;1820;1;2;1;1.0;3;4;39, PIERRE BROSSOLETTE;;;;920
201400039091;14;11;12;1730;5;2;2;1.0;3;4;24, BAC ( RUE DU );;;;920
201400039097;14;11;27;955;1;2;2;1.0;3;4;NS, VOLTAIRE ( BD 16 A F;;;;920
201400039105;14;12;12;845;1;2;1;2.0;1;4;NS, ROUVEYROL ( VILLA );;;;920
201400039127;14;4;10;1820;1;2;1;1.0;6;7;236, BRIAND (AVENUE ARIS;;;;920
201400039130;14;4;15;2040;1;2;1;1.0;3;7;48, BRIAND (AVENUE ARIST;;;;920
201400039132;14;5;8;1530;1;2;1;3.0;6;7;96, BRIAND (AVENUE ARIST;;;;920
201400039134;14;6;10;1900;1;2;3;1.0;3;7;BRIAND (AVENUE ARISTIDE);;;;920
201400039136;14;6;13;1320;1;2;3;1.0;3;7;PETIT (AVENUE ALBERT) N?;;;;920
201400039143;14;9;6;1105;1;2;6;1.0;6;7;VAILLANT-COUTURIER (AVEN;;;;920
201400039146;14;9;16;1645;1;2;4;1.0;3;7;PLUCHET (RUE ALPHONSE);;;;920
201400039175;14;2;10;1615;1;2;1;1.0;3;12;25, QUATRE SEPTEMBRE (QU;;;;920
201400039190;14;3;8;1835;2;2;1;1.0;6;12;101, POINT DU JOUR (RUE;;;;920
201400039200;14;3;31;855;1;2;7;1.0;6;12;197, JEAN JAURES (BOULEV;;;;920
201400039201;14;3;31;1020;1;2;1;1.0;3;12;31BIS, ROBERT SCHUMAN (A;;;;920
201400039209;14;4;15;925;1;2;1;1.0;3;12;109, REINE (ROUTE DE LA);;;;920
201400039210;14;4;18;1340;1;2;1;1.0;3;12;577, GENERAL LECLERC (AV;;;;920
201400039216;14;5;3;1200;1;2;1;1.0;2;12;239, JEAN JAURES (BOULEV;;;;920
201400039220;14;5;6;1510;1;2;1;1.0;6;12;95, EDOUARD VAILLANT (AV;;;;920
201400039230;14;5;20;1545;1;2;3;1.0;3;12;CHEMIN VERT (RUE DU);;;;920
201400039233;14;5;22;1950;1;2;1;1.0;2;12;48, GAMBETTA (RUE);;;;920
201400039253;14;6;15;1805;1;2;6;1.0;3;12;JULES GUESDE/NATIONALE (;;;;920
201400039259;14;6;24;810;1;2;4;1.0;6;12;CHATEAU (RUE DU) 1/125 -;;;;920
201400039263;14;6;30;1650;1;2;4;1.0;3;12;JEAN JAURES (BOULEVARD);;;;920
201400039266;14;7;6;225;5;2;1;1.0;3;12;577, GENERAL LECLERC (AV;;;;920
201400039269;14;7;12;1000;1;2;3;1.0;3;12;REINE (ROUTE DE LA) 1/37;;;;920
201400039270;14;7;16;1840;1;2;2;1.0;3;12;50, JEAN BAPTISTE CLEMEN;;;;920
201400039282;14;8;14;1900;1;2;1;2.0;3;12;47, AUTEUIL (BOULEVARD D;;;;920
201400039290;14;9;4;915;1;2;2;1.0;3;12;GALLIENI (RUE) 55/157 -;;;;920
201400039295;14;9;9;1350;1;2;2;1.0;3;12;ROBERT SCHUMAN (AVENUE);;;;920
201400039301;14;9;22;1600;1;2;6;1.0;2;12;ANCIENS COMBATTANT (ROND;;;;920
201400039317;14;10;17;1245;1;2;6;1.0;3;12;PONT DE SEVRES (ROND POI;;;;920
201400039318;14;10;20;1000;1;2;1;1.0;3;12;19, ANATOLE FRANCE (BOUL;;;;920
201400039324;14;10;27;1410;1;2;1;1.0;3;12;9, AUTEUIL (BOULEVARD D';;;;920
201400039329;14;11;1;1740;1;2;1;1.0;3;12;40, JEAN BAPTISTE CLEMEN;;;;920
201400039334;14;11;15;1334;1;2;1;1.0;2;12;229, JEAN JAURES (BOULEV;;;;920
201400039341;14;11;21;2028;5;2;1;1.0;3;12;62, VICTOR HUGO (AVENUE);;;;920
201400039409;14;11;8;1603;1;2;2;1.0;6;19;CLEMENT JEAN BAPTISTE (R;;;;920
201400039435;14;3;10;1940;5;2;1;1.0;3;23;., CLAUDE TREBIGNAUD (AV;;;;920
201400039446;14;5;21;1925;2;2;2;3.0;3;23;., JEAN BAPTISTE CLEMENT;;;;920
201400039449;14;6;6;905;1;2;1;1.0;6;23;JEAN JAURES (AVENUE) N?5;;;;920
201400039469;14;7;17;1555;1;2;1;1.0;3;23;176, VICTOR HUGO (AVENUE;;;;920
201400039493;14;10;9;1810;1;2;3;1.0;6;60;., GALILEE (AVENUE);;;;920
201400039505;14;11;10;1625;1;2;1;1.0;7;23;2, LOUIS DUPONT (RUE) N?;;;;920
201400039515;14;12;5;1612;1;2;1;1.0;3;23;01, GARENNE (ROUTE DE LA;;;;920
201400039554;14;3;12;1900;1;2;1;1.0;6;24;15, FOURNIER (RUE);;;;920
201400039560;14;3;12;810;1;2;1;1.0;6;24;28, MARTRE DE (4 A 54);;;;920
201400039577;14;5;27;2050;1;2;1;1.0;7;24;61, HENRI BARBUSSE (RUE);;;;920
201400039592;14;6;27;1500;1;2;2;1.0;6;24;37, VICTOR HUGO (BD);;;;920
201400039594;14;6;30;1345;1;2;2;1.0;3;24;2, CLICHY (QUAI DE) DE (;;;;920
201400039599;14;8;1;740;1;2;6;1.0;6;24;2, REPUBLIQUE (PLACE DE;;;;920
201400039612;14;9;20;1930;5;2;1;1.0;6;24;140, MARTRE (RUE) DE (11;;;;920
201400039625;14;11;5;1210;1;2;3;1.0;6;24;34, CLICHY (QUAI DE) DE;;;;920
201400039639;14;1;9;1830;5;2;1;2.0;6;25;120, HENRI BARBUSSE (AV);;;;920
201400039640;14;1;9;1900;5;2;2;1.0;6;25;0, VERDUN (RUE DE);;;;920
201400039661;14;2;24;1200;1;2;1;1.0;3;25;E.D'ORVES <>2A198 & 1A14;;;;920
201400039679;14;3;28;910;1;2;2;1.0;3;25;0, MOSLARD (RUE);;;;920
201400039683;14;4;2;205;5;1;1;1.0;6;25;STALINGRAD (AV DE);;;;920
201400039686;14;4;8;1135;1;1;3;1.0;3;25;00, ANATOLE FRANCE (AV);;;;920
201400039687;14;4;9;1830;1;2;3;1.0;5;25;AGENT SARRE (AV DE L');;;;920
201400039702;14;5;21;555;5;2;3;2.0;1;25;91, C.DE G.<> 64 A 128 &;;;;920
201400039707;14;6;4;2025;1;2;1;1.0;6;25;00, GAMBETTA (BD);;;;920
201400039716;14;6;18;1910;1;2;1;1.0;2;25;103, STALINGRAD (AV DE);;;;920
201400039727;14;7;17;1910;1;2;1;1.0;3;25;73, C.DE G.<> 64 A 128 &;;;;920
201400039729;14;7;25;1525;1;2;1;1.0;6;25;162, C.DE G.> 130 & 1103;;;;920
201400039731;14;7;20;1535;1;1;1;1.0;3;25;505, GABRIEL PERI (RUE);;;;920
201400039732;14;7;28;1535;1;1;1;1.0;3;25;505, GABRIEL PERI (RUE);;;;920
201400039767;14;10;6;935;1;2;1;1.0;3;25;KLEBER (AV);;;;920
201400039785;14;11;12;1211;1;2;2;1.0;3;25;143, VALMY (BD DE);;;;920
201400039800;14;12;8;1430;1;2;1;2.0;2;25;115, STALINGRAD (AV DE);;;;920
201400039835;14;3;11;1915;5;2;1;1.0;6;26;17, ALMA;;;;920
201400039838;14;3;6;1835;2;2;1;1.0;3;26;333, SAINT DENIS BD (120;;;;920
201400039841;14;3;16;1710;1;2;1;1.0;2;26;3, COLOMBES;;;;920
201400039859;14;4;29;930;1;2;1;1.0;7;26;18, CARLE HEBERT;;;;920
201400039861;14;4;29;735;1;2;2;1.0;7;26;H?TEL DE VILLE (RUE);;;;920
201400039869;14;5;27;800;1;2;1;1.0;3;26;46, COLOMBES;;;;920
201400039882;14;7;2;1930;1;2;1;1.0;6;26;BEZONS  (DE 01 A 22);;;;920
201400039890;14;7;27;1910;1;2;1;1.0;2;26;20, BEZONS  (DE 01 A 22);;;;920
201400039895;14;9;17;1130;1;2;2;1.0;3;26;JEAN-PIERRE TIMBAUD;;;;920
201400039903;14;10;9;1730;1;2;1;1.0;3;26;6, CH?TEAU DU LOIR (DE 0;;;;920
201400039909;14;11;13;840;1;2;2;1.0;6;26;12, SAINT DENIS BD (120;;;;920
201400039926;14;12;6;1800;5;2;1;1.0;6;35;80, Raymond Ridel ( rue;;;;920
201400039930;14;1;17;900;1;2;2;1.0;3;35;77, National ( boulevard;;;;920
201400039933;14;1;21;1820;5;2;5;1.0;3;35;16 bis, R?publique ( bou;;;;920
201400039948;14;4;10;850;1;2;1;1.0;6;35;53, Aigle ( rue de l' );;;;920
201400039963;14;8;7;905;1;2;1;2.0;3;35;41, National ( boulevard;;;;920
201400039991;14;2;15;2340;5;2;1;1.0;7;36;48, COUTURE D'AUXERRE (R;;;;920
201400039992;14;3;3;1720;1;2;1;1.0;7;36;76, GENERAL DE GAULLE (A;;;;920
201400040009;14;5;29;1430;1;2;2;1.0;7;36;0, CHANDON (AVENUE) (1/6;;;;920
201400040037;14;8;21;1520;1;2;1;1.0;6;36;177, GABRIEL PERI (AVENU;;;;920
201400040110;14;4;11;1830;1;2;1;1.0;6;40;40 BIS, ERNEST RENAN;;;;920
201400040122;14;3;31;948;1;2;1;1.0;7;40;XX, SABLONS (ALLEE DES);;;;920
201400040132;14;6;19;955;1;2;3;1.0;6;40;28, GAMBETTA (BOULEVARD);;;;920
201400040138;14;7;2;1838;1;2;1;1.0;3;40;5, GALLIENI (BOULEVARD);;;;920
201400040140;14;6;24;1710;1;2;1;1.0;5;40;5, GENERAL LECLERC;;;;920
201400040141;14;6;28;940;1;2;2;1.0;7;40;VICTOR HUGO (ROND-POINT);;;;920
201400040142;14;6;7;1515;1;2;6;1.0;3;40;RESISTANCE (PLACE DE LA);;;;920
201400040151;14;9;17;730;1;2;6;1.0;2;40;RESISTANCE (PLACE DE LA);;;;920
201400040153;14;9;30;1645;1;2;1;1.0;6;40;36, ERNEST RENAN;;;;920
201400040157;14;9;25;1415;1;2;3;1.0;3;40;PROFESSEUR CALMETTE (AVE;;;;920
201400040223;14;7;18;1750;1;2;1;1.0;6;44;168, VIC. HUGO(RUE)115A1;;;;920
201400040227;14;8;14;2335;5;2;2;1.0;6;44;19, VI. HUGO (SQUARE)40V;;;;920
201400040228;14;8;17;2030;2;2;1;1.0;2;44;17, ANA. FRANCE(RUE)1A75;;;;920
201400040244;14;10;25;920;1;2;2;1.0;6;44;40, VILLIERS(RUE DE)  2A;;;;920
201400040265;14;8;31;545;5;2;6;1.0;6;48;., Rond Point CIECHANOV;;;;920
201400040280;14;5;16;1625;1;2;9;1.0;3;48;15, GARDES (ROUTE DES) N;;;;920
201400040282;14;6;9;1100;1;2;1;1.0;6;48;12, NATIONS UNIES (BOULE;;;;920
201400040295;14;9;26;855;1;2;1;1.0;3;48;34, JEAN JAURES (AVENUE);;;;920
201400040302;14;10;19;1215;1;2;7;1.0;3;48;., RABELAIS (PLACE);;;;920
201400040306;14;1;7;2140;5;2;1;1.0;2;20;PARIS AVENUE DE N? IMPAI;;;;920
201400040319;14;2;7;1200;1;2;1;1.0;1;20;MERSEBURG RUE DE;;;;920
201400040325;14;2;26;1515;1;2;1;1.0;2;49;211, BROSSOLETTE AVENUE;;;;920
201400040330;14;3;12;820;1;2;1;1.0;6;49;5, BRIAND AVENUE ARISTID;;;;920
201400040335;14;3;19;1805;1;2;9;1.0;5;20;PARIS AVENUE DE N?84 A F;;;;920
201400040340;14;3;30;1125;1;2;4;1.0;2;49;JAURES AV. JEAN N?1 A 51;;;;920
201400040347;14;4;13;1410;1;2;1;1.0;3;20;157, REPUBLIQUE AV. AUTR;;;;920
201400040357;14;5;16;2120;2;2;2;1.0;3;49;144, REPUBLIQUE AVENUE D;;;;920
201400040369;14;6;8;25;5;2;1;1.0;2;49;JAURES PLACE JEAN;;;;920
201400040379;14;6;30;1800;1;2;1;1.0;3;49;41, REPUBLIQUE AVENUE DE;;;;920
201400040399;14;8;11;1845;1;2;1;2.0;6;20;1, EXUPERY AVENUE SAINT;;;;920
201400040417;14;10;20;820;1;2;2;1.0;6;20;58, DEFORGES RUE ETIENNE;;;;920
201400040419;14;10;21;905;1;2;1;1.0;6;49;9 BIS, PERIER RUE N?1 A;;;;920
201400040438;14;11;27;850;1;2;1;1.0;6;49;56, PERI RUE GABRIEL N?3;;;;920
201400040465;14;2;10;1920;5;2;1;1.0;3;50;GARENNE RUE DE LA;;;;920
201400040466;14;2;12;1825;5;2;1;3.0;3;50;55, PICASSO PABLO AVENUE;;;;920
201400040491;14;4;16;1025;1;2;3;7.0;3;50;QUENTIN JULES AVENUE;;;;920
201400040496;14;5;3;1530;1;2;1;2.0;3;50;83, JOILIOT CURIE F. ET;;;;920
201400040498;14;5;5;950;1;2;1;9.0;3;50;47, HAVRE BOULEVARD DU;;;;920
201400040500;14;5;9;2150;5;2;1;1.0;3;50;JOLIOT CURIE F. ET IRENE;;;;920
201400040503;14;5;16;745;1;2;2;1.0;3;50;neant, CHATOU ROUTE DE;;;;920
201400040509;14;5;15;1745;1;2;1;9.0;1;50;2, SORBIERS RUE DES;;;;920
201400040510;14;5;16;1600;1;2;3;7.0;3;50;JOILIOT CURIE F. ET IREN;;;;920
201400040514;14;5;23;1840;1;2;1;9.0;3;50;40, SURESNES RUE DE;;;;920
201400040523;14;6;14;1500;1;2;1;1.0;6;50;20, PAQUERETTES RUE DES;;;;920
201400040526;14;6;17;845;1;2;1;1.0;7;50;47, CROIX RUE DE LA;;;;920
201400040528;14;7;4;1750;1;2;1;1.0;3;50;47, JOFFRE MARECHAL AVEN;;;;920
201400040553;14;9;25;1320;1;2;2;9.0;3;50;MUGUETS PLACE DES;;;;920
201400040562;14;10;15;2220;5;2;1;1.0;1;50;13, UNION RUE DE L';;;;920
201400040573;14;11;4;1945;5;2;1;9.0;3;50;22 A, SADI CARNOT RUE;;;;920
201400040618;14;2;10;1045;1;2;1;1.0;7;51;42, ROULE (AVENUE DU, N?;;;;920
201400040621;14;2;22;1755;1;2;1;1.0;3;51;07, MADRID (AVENUE DE);;;;920
201400040623;14;3;4;855;1;2;2;1.0;6;51;41, VICTOR HUGO (BOULEVA;;;;920
201400040630;14;3;11;1530;1;2;1;1.0;3;51;75, JACQUES DULUD (RUE);;;;920
201400040635;14;4;1;1005;1;2;6;1.0;3;51;86, ROULE (AVENUE DU, N?;;;;920
201400040653;14;5;21;930;1;2;2;2.0;3;51;55, VICTOR HUGO (BOULEVA;;;;920
201400040664;14;6;16;1420;1;2;1;1.0;2;51;106, ACHILLE PERETTI (AV;;;;920
201400040674;14;6;22;2200;2;2;1;1.0;6;51;158, CHARLES DE GAULLE (;;;;920
201400040680;14;7;3;2010;1;2;1;1.0;6;51;83, LONGCHAMP (RUE DE);;;;920
201400040683;14;7;14;950;1;2;1;8.0;3;51;5, RICHARD WALLACE (BOUL;;;;920
201400040688;14;7;27;1040;1;2;3;1.0;3;51;1, MARINE (RUE DE LA);;;;920
201400040691;14;7;30;1920;1;2;2;1.0;2;51;54, INKERMANN (BOULEVARD;;;;920
201400040694;14;8;9;1745;1;2;3;1.0;6;51;75, GENERAL KOENIG (BOUL;;;;920
201400040713;14;10;17;2105;5;2;2;1.0;5;51;36, VICTOR HUGO (BOULEVA;;;;920
201400040714;14;10;18;1250;1;2;1;1.0;3;51;11BIS, MADRID (AVENUE DE;;;;920
201400040753;14;4;5;1520;1;2;3;1.0;2;62;24, DE DION BOUTON (QUAI;;;;920
201400040765;14;7;23;1140;1;2;1;1.0;3;62;14, POMPIDOU (AV GEORGES;;;;920
201400040767;14;8;16;1040;1;2;3;1.0;1;62;WALLACE (BD RICHARD) DU;;;;920
201400040771;14;9;14;1946;5;2;3;1.0;1;62;102, REPUBLIQUE (RUE DE;;;;920
201400040773;14;9;15;1715;1;2;1;1.0;1;62;16, BERTHELOT (RUE MARCE;;;;920
201400040778;14;10;22;1925;5;2;1;1.0;6;62;10, WALLACE (BD RICHARD);;;;920
201400040783;14;10;31;2325;5;2;3;1.0;3;50;rue du 8 mai 1945;;;;920
201400040791;14;1;14;2035;2;2;1;1.0;7;63;N?ant, NATIONAL (BOULEVA;M;4805216.0;201220.0;920
201400040804;14;2;5;830;2;2;2;3.0;1;63;****, ROOSEVELT (BOULEVA;;;;920
201400040816;14;3;22;1940;2;2;2;1.0;3;63;****, PROCESSION (RUE DE;;;;920
201400040845;14;6;12;1050;1;2;3;1.0;3;63;93, POMPIDOU (AVENUE DU;;;;920
201400040856;14;7;24;1825;1;2;2;1.0;3;63;****, COLMAR (AVENUE DE);;;;920
201400040857;14;7;28;1850;1;2;1;1.0;3;63;2, PERRET (RUE AUGUSTE);;;;920
201400040859;14;8;12;1345;1;2;6;2.0;3;63;N?ant, JUIN (AVENUE DU M;;;;920
201400040874;14;9;26;2115;4;2;1;1.0;7;63;5, BOIS SAINT-PERE (RUE;;;;920
201400040877;14;10;1;815;1;2;1;1.0;2;63;11, HOPITAL STELL (BOULE;;;;920
201400040888;14;11;7;910;1;2;1;1.0;2;63;****, CASANOVA (RUE DANI;;;;920
201400040895;14;11;29;1855;5;2;1;1.0;3;63;8, ALBERT 1ER (AVENUE);;;;920
201400040900;14;12;17;1015;1;2;6;1.0;3;63;****, LECLERC DE HAUTECL;;;;920
201400040907;14;1;14;1725;1;2;9;1.0;6;64;70, REPUBLIQUE;;;;920
201400040916;14;2;17;1300;1;2;1;1.0;7;64;11, REPUBLIQUE;;;;920
201400040927;14;3;29;1945;5;2;1;1.0;7;64;45, SENARD;;;;920
201400040945;14;6;6;855;1;2;1;1.0;2;33;03 BIS, SUISSES;;;;920
201400040948;14;6;19;1910;1;2;1;1.0;3;64;24, PASTEUR;;;;920
201400040953;14;7;2;1915;1;2;4;1.0;3;33;MARQUIS DE MORES;;;;920
201400040963;14;8;24;1230;1;2;1;1.0;3;64;160, REPUBLIQUE;;;;920
201400040978;14;10;22;1840;2;2;1;1.0;3;64;PORTE JAUNE;;;;920
201400041034;14;5;8;1405;1;2;1;2.0;5;48;06 Bis, rue Verd Saint-J;;;;920
201400041037;14;5;25;1300;1;2;2;1.0;3;72;., GRANDE RUE;;;;920
201400041043;14;6;8;1550;1;2;1;1.0;6;72;127, GRANDE RUE;;;;920
201400041048;14;6;18;1800;1;2;1;1.0;6;22;., BOIS BLANCS (ROUTE DE;;;;920
201400041061;14;7;6;225;5;2;1;1.0;7;22;2, CARNOT (RUE);;;;920
201400041062;14;9;12;1700;1;2;1;1.0;6;72;30, TROYON (RUE);;;;920
201400041063;14;9;14;1300;1;2;1;1.0;2;72;02, TROYON (RUE);;;;920
201400041064;14;9;17;1605;1;2;1;1.0;6;72;03, GRANDE RUE;;;;920
201400041067;14;9;23;2220;1;2;2;1.0;6;72;., GRANDE RUE;;;;920
201400041069;14;9;27;1000;1;2;1;1.0;7;72;., GRANDE RUE;;;;920
201400041078;14;11;4;1725;2;2;1;1.0;6;77;182, VERSAILLES (RUE DE);;;;920
201400041090;14;12;10;1130;1;2;1;1.0;6;77;05, PRADIER (RUE);;;;920
201400041091;14;12;10;2015;3;2;1;2.0;6;22;., PAVE DE MEUDON (ROUTE;;;;920
201400041098;14;12;30;2320;5;2;3;1.0;1;72;10, BOIS (RUE DES);;;;920
201400041114;14;3;23;1745;1;2;1;1.0;7;73;31, POMPIDOU (AVENUE GEO;;;;920
201400041122;14;5;19;1920;1;2;1;1.0;6;73;23, BOCHOUX (RUE DES);;;;920
201400041135;14;6;17;2017;5;2;3;1.0;3;73;42, VERDUN (RUE DE);;;;920
201400041151;14;9;11;1220;1;2;1;1.0;7;73;61, SELLIER (BOULEVARD H;;;;920
201400041157;14;9;30;830;1;2;1;1.0;7;73;15, PONT DE SURESNES;;;;920
201400041176;14;12;18;1810;5;2;2;1.0;3;73;01, REPUBLIQUE (RUE DE L;;;;920
201400041187;14;3;25;950;1;2;2;2.0;3;46;1, GABRIEL PERI;;;;920
201400041188;14;3;26;2120;5;2;3;1.0;3;46;., GABRIEL PERI (BOULEVA;;;;920