Num_Acc;an;mois;jour;hrmn;lum;agg;int;atm;col;com;adr;gps;lat;long;dep
201400041204;14;5;21;830;1;2;3;2.0;3;46;., VOLTAIRE (RUE);;;;920
201400041212;14;6;18;1720;1;2;3;1.0;6;46;., GABRIEL PERI;;;;920
201400041213;14;6;23;845;1;2;3;1.0;3;46;., MARECHAL LECLERC (AVE;;;;920
201400041234;14;10;8;1135;1;2;1;2.0;6;75;49, MARY BESSEYRE (RUE);;;;920
201400041235;14;10;14;905;1;2;1;1.0;6;75;49, LYCEE (BOULEVARD DU);;;;920
201400041236;14;10;15;935;1;2;1;1.0;6;46;53, DE STALINGRAD;;;;920
201400041238;14;10;18;828;2;2;2;1.0;7;75;., PASTEUR (AVENUE);;;;920
201400041270;14;6;5;1650;1;2;1;1.0;6;78;37, CHARLES DE GAULLE (B;;;;920
201400041327;14;1;16;915;1;2;1;2.0;6;1;76, PRESIDENT ROOSEVELT;;;;930
201400041339;14;3;17;920;1;2;2;1.0;6;1;HENRI-ROL TANGUY (PLACE);;;;930
201400041370;14;5;28;1530;1;2;1;8.0;3;1;2, HENRI MANIGART (RUE);;;;930
201400041377;14;6;6;1730;1;2;1;1.0;3;1;15, DANIELLE CASANOVA (R;;;;930
201400041378;14;6;6;1750;1;2;1;1.0;6;1;209, JEAN JAURES  (AVE);;;;930
201400041379;14;6;7;2255;5;2;1;1.0;3;1;24-26, LEOPOLD RECHOSSIE;;;;930
201400041403;14;7;21;2145;1;2;2;1.0;1;1;168, DANIELLE CASANOVA (;;;;930
201400041426;14;9;15;732;1;2;9;1.0;3;1;126, VICTOR HUGO (AVE);;;;930
201400041442;14;10;18;1615;1;2;1;1.0;6;1;1, REPUBLIQUE (AVE DE LA;;;;930
201400041449;14;11;5;900;1;2;4;1.0;3;1;10, REPUBLIQUE (AVE DE L;;;;930
201400041456;14;11;19;955;1;2;3;8.0;3;1;JEAN JAURES  (AVE)  157;;;;930
201400041463;14;12;15;1910;3;2;4;2.0;3;1;, SCHAEFFER (RUE);;;;930
201400041465;14;12;20;1000;1;2;2;1.0;3;1;ANDRE KARMAN (RUE)  => 1;;;;930
201400041466;14;12;20;1940;5;2;2;2.0;3;1;CHAPON (RUE);;;;930
201400041511;14;2;13;810;2;2;1;3.0;6;5;EMILE ZOLA (BOULEVARD);;;;930
201400041514;14;3;4;1305;1;2;1;1.0;3;5;61bis, JACQUES DUCLOS [C;;;;930
201400041519;14;3;16;1600;1;2;3;1.0;1;5;EUGENE VARLIN (RUE);;;;930
201400041521;14;3;18;1340;1;2;1;1.0;2;5;, MITRY [CD115] (RUE DE);;;;930
201400041523;14;3;24;1335;1;2;1;1.0;3;5;137 ter, MITRY [CD115] (;;;;930
201400041526;14;3;28;1715;1;2;4;1.0;3;5;JULES VALLES (RUE);;;;930
201400041540;14;5;5;1430;1;2;1;1.0;3;5;11, ANATOLE FRANCE (AVEN;;;;930
201400041591;14;8;8;1915;1;2;3;1.0;3;5;FELIX FAURE (BOULEVARD);;;;930
201400041594;14;8;12;1420;1;2;2;2.0;3;5;JULES PRINCET [CD115] (R;;;;930
201400041601;14;9;10;850;1;2;2;1.0;3;5;ARTHUR CHEVALIER (RUE);;;;930
201400041626;14;11;6;840;1;2;2;9.0;6;5;JEAN JAURES (AVENUE);;;;930
201400041643;14;12;9;840;1;2;2;9.0;7;5;ALIX (RUE);;;;930
201400041660;14;1;25;1650;1;2;1;1.0;3;7;8 MAI 45 (AVENUE DU 1 AU;;;;930
201400041701;14;9;25;2000;3;2;3;1.0;1;7;JUST HERAS (RUE);;;;930
201400041703;14;10;3;1400;1;2;3;1.0;2;7;"""DIDEROT (RUE """"DU 02 AU";;;;930
201400041762;14;8;3;2110;2;2;3;2.0;3;8;VALLES (RUE JULES);;;;930
201400041774;14;10;3;830;1;2;1;7.0;3;8;MARAT (RUE);;;;930
201400041804;14;12;28;2005;5;2;0;1.0;6;8;BARBUSSE (AVENUE HENRI);;;;930
201400041959;14;7;3;2015;1;2;1;1.0;3;14;3, GAGNY (ALLEE DE);;;;930
201400041970;14;9;15;2000;1;2;3;1.0;1;47;MUGUETS  (AVENUE DES);;;;930
201400041974;14;10;4;1415;1;2;1;1.0;3;47;16, PASCAL  (AVENUE);;;;930
201400041975;14;10;18;1218;1;2;5;1.0;3;47;137, JEAN JAURES (AVENUE;;;;930
201400042057;14;6;16;1730;1;2;1;1.0;3;13;GUYNEMER (RUE);;;;930
201400042058;14;6;23;852;1;2;1;1.0;1;27;51, LECLERC (AVENUE DU G;;;;930
201400042062;14;7;13;330;5;2;1;1.0;2;13;86, LECLERC (AVENU DE LA;;;;930
201400042101;14;10;11;2240;5;2;1;1.0;1;27;LECLERC (AVENUE DU GENER;;;;930
201400042155;14;6;7;1705;1;2;1;1.0;2;29;CHARLES DE GAULLE (ESPLA;;;;930
201400042164;14;7;26;1945;1;2;1;1.0;3;29;JULES GUESDE;;;;930
201400042175;14;9;10;1125;1;2;1;1.0;2;29;254, ANATOLE FRANCE;;;;930
201400042211;14;1;10;745;4;2;1;1.0;3;31;00, DE LATTRE DE TASSIGN;;;;930
201400042236;14;4;2;900;1;2;1;1.0;2;31;EPINAY (PONT D');;;;930
201400042238;14;4;4;735;1;2;1;1.0;3;31;JOFFRE (AVENUE);;;;930
201400042239;14;4;5;1400;1;2;3;1.0;6;31;00, JEAN JAURES (AVENUE);;;;930
201400042279;14;9;2;1715;1;2;1;1.0;3;31;STRASBOURG (RUE DE);;;;930
201400042303;14;11;9;1243;1;2;1;1.0;6;31;00, LEON BLUM (AVENUE);;;;930
201400042331;14;5;10;1830;1;2;1;8.0;3;32;GUILLEMETEAU (RUE);;;;930
201400042421;14;5;26;2030;1;2;1;1.0;3;6;0, GAL LECLERC AV. DU;;;;930
201400042422;14;5;31;2015;1;2;2;1.0;3;6;0, MICHEL LOUISE RUE;;;;930
201400042440;14;8;4;1245;1;2;1;1.0;3;6;44, CURIE PIERRE ET MARI;;;;930
201400042451;14;9;28;1830;1;2;1;1.0;3;6;03, FIORENTINO RUE DE SE;;;;930
201400042497;14;1;12;1130;1;2;4;1.0;3;15;03, COROT AVENUE;;;;930
201400042533;14;5;16;2335;3;2;2;1.0;3;46;ARISTIDE BRIAND AVENUE;;;;930
201400042539;14;5;31;2200;5;2;2;1.0;1;74;, mEAUX RUE DE;;;;930
201400042575;14;9;28;1030;1;1;2;1.0;3;74;LATTRE DE TASSIGNY AVENU;;;;930
201400042594;14;11;29;1315;1;2;6;1.0;3;74;LATTRE DE TASSIGNY AVENU;;;;930
201400042616;14;1;5;2200;3;2;2;2.0;3;48;233, PARIS (RUE DE);;;;930
201400042632;14;2;14;630;5;2;2;1.0;3;48;56, COLONEL FABIEN (AVEN;;;;930
201400042639;14;3;18;1400;1;2;1;1.0;3;48;46, PAUL VAILLANT COUTUR;;;;930
201400042645;14;3;27;830;1;2;1;1.0;6;48;48, VINCENNES (RUE DE);;;;930
201400042660;14;5;26;1700;1;2;1;1.0;6;48;52, RAPATEL (RUE);;;;930
201400042666;14;6;9;1825;1;2;1;1.0;3;48;EUGENIE COTTON (ALLEE);;;;930
201400042673;14;6;21;1405;1;2;1;1.0;3;48;80, PARIS (RUE DE);;;;930
201400042675;14;6;22;1150;1;2;2;1.0;1;48;PAUL VAILLANT COUTURIER;;;;930
201400042678;14;6;28;1200;1;2;3;1.0;3;48;ROBESPIERRE (RUE);;;;930
201400042680;14;7;3;2030;1;2;1;1.0;3;48;220, PARIS (RUE DE);;;;930
201400042692;14;9;10;1010;1;2;2;1.0;6;48;., STALINGRAD (RUE DE);;;;930
201400042705;14;11;3;1830;5;2;1;3.0;3;48;235, ROSNY (RUE DE);;;;930
201400042710;14;12;9;1730;2;2;1;1.0;3;48;PARIS (RUE DE);;;;930
201400042726;14;1;28;1725;5;2;1;2.0;6;50;, ARISTIDE BRIAND (BOULE;;;;930
201400042757;14;6;21;1855;1;2;1;1.0;1;50;JEAN JAURES (AVENUE) COT;;;;930
201400042758;14;6;22;1130;1;2;3;1.0;3;50;8, FRANCOIS VILLON (RUE);;;;930
201400042761;14;7;2;1500;1;2;1;1.0;1;49;PRESIDENT JOHN KENNEDY (;;;;930
201400042764;14;7;21;2310;5;2;1;1.0;3;50;PAUL ET CAMILLE THOMOUX;;;;930
201400042776;14;9;20;1250;1;2;2;1.0;3;50;71, GENERAL DONZELOT (RU;;;;930
201400042799;14;12;9;645;5;2;2;1.0;3;50;DANIELLE CASANOVA (RUE);;;;930
201400042817;14;3;5;1705;1;2;1;1.0;2;51;DEUX PONTS (QUAI);;;;930
201400042859;14;8;2;1200;1;2;6;1.0;2;51;PAVE NEUF (AVENUE);;;;930
201400042884;14;12;22;1720;5;2;1;2.0;6;51;SOUCHET (BOULEVARD);;;;930
201400042923;14;7;12;1030;1;2;1;8.0;3;53;215, GABRIEL PERI (BLD);;;;930
201400042936;14;10;7;1740;1;2;3;1.0;3;53;13, BERGERIES (RUE DES);;;;930
201400042961;14;3;6;730;2;2;1;1.0;1;55;180, GENERAL LECLERC(AVE;;;;930
201400042970;14;5;17;2245;5;2;3;1.0;3;55;48, JEAN LOLIVE (AVENUE);;;;930
201400042978;14;6;25;1300;1;2;1;1.0;6;55;100, GENERAL LECLERC(AVE;;;;930
201400042997;14;9;14;245;5;2;3;1.0;3;55;JEAN LOLIVE (AVENUE)(75/;;;;930
201400043042;14;2;23;1815;2;2;2;1.0;3;77;MASSENA (AVENUE);;;;930
201400043063;14;4;29;1330;1;2;1;1.0;6;62;2, POSTES (ALLEE DES);;;;930
201400043067;14;5;16;1225;1;2;2;1.0;6;62;NC, NICOLAS CARNOT (ALLE;;;;930
201400043091;14;9;19;1745;1;2;1;1.0;3;77;133 bis, GRANDE RUE;;;;930
201400043130;14;4;5;1740;1;2;1;1.0;1;64;300, BOISSIERE (BOULEVAR;;;;930
201400043150;14;7;2;1340;1;2;1;1.0;6;64;00, DE GAULLE (AV DU GEN;;;;930
201400043162;14;10;1;450;5;2;1;1.0;2;64;00, DE GAULLE (AV DU GEN;;;;930
201400043202;14;2;7;1920;5;2;4;1.0;3;66;FAURE FELIX (BOULEVARD);;;;930
201400043215;14;3;3;1200;1;2;1;2.0;2;66;186, WILSON (AVENUE DU P;;;;930
201400043292;14;7;1;930;1;2;1;1.0;3;66;20, ARTS ET METIERS (AVE;;;;930
201400043310;14;8;23;1704;1;2;1;1.0;3;66;FAURE FELIX (BOULEVARD);;;;930
201400043316;14;9;4;600;3;2;1;1.0;6;66;MICHELS CHARLES;;;;930
201400043330;14;9;22;1810;1;2;1;1.0;1;39;MECHIN;;;;930
201400043396;14;12;18;1900;5;2;1;2.0;3;66;98, WILSON (AVENUE DU PR;;;;930
201400043418;14;4;17;1045;1;2;1;1.0;6;70;55, GABRIEL-PERI (AV);;;;930
201400043426;14;5;15;1030;1;2;1;1.0;3;70;GABRIEL-PERI (AV);;;;930
201400043445;14;6;18;800;1;2;1;1.0;3;70;FONTAINE(RUE DE LA);;;;930
201400043450;14;7;7;1340;1;2;1;8.0;2;70;138, MICHELET(AV):N?1AU;;;;930
201400043468;14;9;25;1730;1;2;1;1.0;3;70;GABRIEL-PERI (AV);;;;930
201400043473;14;10;23;1430;1;2;1;1.0;3;70;122, GABRIEL-PERI (AV);;;;930
201400043474;14;10;24;830;2;2;1;1.0;3;70;6, JEAN-JAURES (BD);;;;930
201400043478;14;10;30;1810;1;2;1;1.0;6;70;51, GABRIEL-PERI (AV);;;;930
201400043510;14;6;25;815;1;2;2;1.0;3;71;0, BIR HAKEIM (ALLEE DE);;;;930
201400043528;14;10;25;1230;1;2;1;1.0;3;71;06, ROGER LE MANER (RUE);;;;930
201400043636;14;8;12;1840;1;2;6;1.0;3;73;RESISTANCE (RUE DE LA);;;;930
201400043640;14;9;17;1810;1;2;9;1.0;1;73;135, VAILLANT (BOULEVARD;;;;930
201400043652;14;11;12;1850;3;2;1;1.0;6;78;CHEMIN DEPARTEMENTAL;;;;930
201400043670;14;1;28;1905;5;2;1;2.0;3;2;85, R VERON;M;4881100.0;241417.0;940
201400043689;14;8;21;1115;1;2;3;1.0;3;2;COUTURIER / MITTERRAND;M;4880480.0;241948.0;940
201400043737;14;11;25;1140;1;2;1;2.0;1;44;ALBERT GARRY (R);;;;940
201400043763;14;3;13;1850;5;2;1;1.0;7;75;84, R DE CERCAY;M;4871710.0;252721.0;940
201400043785;14;12;4;730;1;2;3;1.0;3;75;YERRES (R D);;;;940
201400043797;14;5;18;1030;1;2;1;1.0;3;71;38, JEAN MOULIN;M;4877490.0;251244.0;940
201400043837;14;9;12;740;1;2;2;1.0;3;44;MAI 1945 / TILLEULS;M;4875230.0;249218.0;940
201400043841;14;9;25;815;1;2;3;1.0;3;71;LECLERC / MASSENET;M;4877900.0;251179.0;940
201400043846;14;1;8;815;1;2;2;1.0;3;17;AV CARNOT/ R DU MARCHE;M;4881170.0;250929.0;940
201400043873;14;3;15;2005;5;2;4;1.0;4;17;DORMOY / LARRIS;M;4881110.0;251915.0;940
201400043874;14;3;16;845;1;2;1;1.0;3;17;36, BD DE STALINGRAD;M;4881770.0;250827.0;940
201400043895;14;5;3;1900;1;2;3;1.0;3;17;VERDUN / BERNHARDT;M;4881490.0;249462.0;940
201400043920;14;8;3;35;5;2;2;2.0;3;17;SALENGRO/DE GAULLE;M;4882010.0;248467.0;940
201400043935;14;10;3;720;1;2;1;2.0;3;17;1, GENERAL DE GAULLE (AV;;;;940
201400043969;14;3;9;1750;1;2;1;1.0;3;18;ILE MARTINET / CARRIERES;M;4881810.0;241240.0;940
201400043973;14;4;6;945;1;1;1;1.0;6;69;56, MARECHAL DE LATTRE;M;4882240.0;241975.0;940
201400043993;14;10;3;1815;1;2;2;1.0;3;69;SAINT MAURICE DU VALAIS;;;;940
201400043998;14;10;14;1823;1;2;1;1.0;6;18;face 24, GRAVELLE (AV DE;;;;940
201400044015;14;12;23;1330;1;2;1;2.0;1;18;PARIS (R DE);;;;940
201400044028;14;2;2;1000;1;2;6;1.0;3;59;BERTEAUX / DELUBAC;M;4881610.0;256187.0;940
201400044043;14;4;4;650;3;2;6;1.0;3;79;ROUY / PERROQUETS;M;4882350.0;254491.0;940
201400044062;14;6;14;1200;1;2;3;1.0;2;79;GALLIENI / CLOSEAU;M;4882500.0;254068.0;940
201400044063;14;6;21;1030;1;2;1;1.0;1;79;R DU DOCTEUR FILLIOUX;M;4882350.0;255322.0;940
201400044078;14;8;27;920;1;2;5;1.0;3;59;SAINT PIERRE / DE GAULLE;M;4880840.0;257754.0;940
201400044086;14;9;26;1650;1;2;1;1.0;3;60;GEORGES POMPIDOU;M;4879360.0;256661.0;940
201400044088;14;10;2;1400;1;2;4;1.0;3;59;GONZALVE (AV);;;;940
201400044108;14;11;30;1330;1;2;1;1.0;6;19;CLEMENT ADER (R);;;;940
201400044133;14;12;10;1810;3;2;1;2.0;2;54;face 31, ONZE NOVEMBRE 1;;;;940
201400044182;14;10;8;2200;5;2;3;3.0;3;54;170 TER, MARTYRS DE CHAT;;;;940
201400044193;14;3;8;2050;5;2;6;1.0;3;54;CALMETTE / RAYNAL;M;4874490.0;240787.0;940
201400044211;14;1;2;1405;1;2;3;1.0;3;28;VLA / R SAINT-SIMON;M;4879310.0;245009.0;940
201400044215;14;1;19;1105;1;2;1;1.0;6;28;RTE DE CHOISY;M;4877510.0;243983.0;940
201400044261;14;4;23;1555;1;2;3;1.0;1;11;RHIN ET DANUBE / 19 MARS;M;4877310.0;249053.0;940
201400044272;14;5;27;805;1;2;6;1.0;3;28;CAR POMPADOUR;M;4877460.0;243934.0;940
201400044284;14;6;13;1136;1;2;1;1.0;2;28;IMP CHERET;M;4880560.0;245882.0;940
201400044296;14;6;27;1110;1;2;1;1.0;3;28;AV DU MARECHAL FOCH;M;4878080.0;243754.0;940
201400044318;14;9;23;1610;1;2;1;1.0;6;22;AV VICTOR HUGO;M;4877030.0;242560.0;940
201400044333;14;11;18;1745;3;2;3;1.0;3;28;FOCH/BRETELLE A86;M;4877810.0;243828.0;940
201400044380;14;5;28;1610;1;2;2;1.0;3;33;16, VERDUN / SAINT-GERMA;M;4885160.0;247348.0;940
201400044386;14;6;18;1820;1;2;5;1.0;1;33;RENAN / DANTON;M;4885590.0;245761.0;940
201400044401;14;10;28;945;1;2;1;1.0;7;33;111, GALLIENI (BD);;;;940
201400044403;14;11;4;2040;4;2;3;1.0;3;33;, MAURICE BARTHELEMY (R);;;;940
201400044412;14;12;17;910;1;2;1;2.0;6;33;24, RESISTANCE (R DE LA);;;;940
201400044421;14;1;16;1710;2;2;4;1.0;1;16;WILSON / COUTURIER;M;4878920.0;232534.0;940
201400044429;14;2;5;1630;1;2;4;2.0;1;16;DIVISION LECLER/L'EUROPE;M;4878690.0;232957.0;940
201400044432;14;2;11;1545;1;2;3;2.0;7;3;1,LA CONVENTION/R BESSON;M;4879940.0;233293.0;940
201400044439;14;2;23;1805;1;1;3;1.0;3;76;STALINGRAD / FLEURS;M;4878230.0;236701.0;940
201400044450;14;3;20;1000;1;1;2;1.0;3;16;DELAGE / GEORGEON;M;4879260.0;233676.0;940
201400044454;14;3;25;1050;1;2;1;2.0;6;43;AV DE FONTAINEBLEAU;M;4881240.0;236144.0;940
201400044457;14;3;31;845;1;2;1;1.0;6;76;11,R JEAN LURCAT;M;4878780.0;236885.0;940
201400044461;14;4;2;1105;1;2;3;1.0;3;43;FONTAINEBLEAU / PASTEUR;M;4881510.0;236073.0;940
201400044464;14;4;11;815;1;2;2;1.0;3;76;COQUETTES / VANZETTI;M;4880550.0;235988.0;940
201400044478;14;5;15;1155;1;2;2;1.0;3;76;REPUBLIQUE / CHEVILLY;M;4878740.0;235420.0;940
201400044497;14;6;21;1655;1;2;1;1.0;2;43;AV DE FONTAINEBLEAU;M;4880850.0;236263.0;940
201400044498;14;6;24;935;1;2;1;1.0;3;76;BD MAXIME GORKI;M;4879890.0;236690.0;940
201400044524;14;8;12;1915;1;2;1;1.0;1;43;R DU GENERAL LECLERC;M;4881140.0;235804.0;940
201400044528;14;8;25;1700;1;2;1;3.0;6;16;9, AV DE LA DIVISION LEC;M;4878770.0;233004.0;940
201400044529;14;8;26;1245;1;2;3;2.0;3;76;PASTEUR / ROHRI;M;4880580.0;236553.0;940
201400044551;14;10;8;2200;5;2;2;3.0;3;37;PAUL VAILLANT COUTURIER;;;;940
201400044569;14;11;5;1755;5;1;1;1.0;6;76;13, PAUL VAILLANT COUTUR;;;;940
201400044617;14;1;22;1500;1;2;2;2.0;3;38;RUE PAUL HOCHART/ STALIN;M;4877930.0;236698.0;940
201400044619;14;1;25;700;5;1;2;2.0;1;21;CHATEAURENARD/VIADUC;M;4876290.0;235387.0;940
201400044636;14;2;20;655;5;2;1;2.0;3;34;PL PIERRE ET MARIE CURIE;M;4875510.0;232244.0;940
201400044643;14;3;13;1650;1;2;1;1.0;2;21;BD CIRCULAIRE EST;M;4876310.0;235760.0;940
201400044658;14;4;8;750;1;2;6;1.0;2;65;PARC MEDICIS/HALLIERS;M;4875330.0;234756.0;940
201400044660;14;4;10;1610;1;2;6;1.0;3;65;TROIS MARCHES/CIRCULAIRE;M;4875860.0;234900.0;940
201400044664;14;4;15;1845;1;2;2;1.0;1;38;COUTURIER / THIRARD;M;4877840.0;234072.0;940
201400044668;14;4;30;1050;1;2;1;7.0;2;73;AV DE FONTAINEBLEAU;M;4876440.0;236820.0;940
201400044701;14;6;19;1115;1;2;1;1.0;2;21;BOULEVARD CIRCULAIRE;M;4875880.0;234872.0;940
201400044718;14;7;31;1915;1;2;2;1.0;3;73;MARCHAND / PERREUX;M;4876600.0;239054.0;940
201400044724;14;8;12;1928;2;2;4;2.0;3;21;CIRCULAIRE / MARCHES;M;4876240.0;235830.0;940
201400044743;14;9;16;1420;1;2;2;1.0;2;21;MARAICHERS / D'AVIGNON;M;4876360.0;234992.0;940
201400044749;14;9;21;1140;1;2;1;2.0;3;21;AV DE FONTAINEBLEAU;M;4876440.0;236805.0;940
201400044754;14;10;14;1530;1;2;1;1.0;2;65;BOULEVARD CIRCULAIRE ( M;;;;940
201400044761;14;10;30;1830;5;2;9;1.0;2;38;113, BICETRE (R DE);;;;940
201400044762;14;11;3;910;1;2;1;1.0;3;38;22, ARISTIDE BRIAND (AV);;;;940
201400044803;14;1;21;1720;5;2;1;1.0;6;41;76, AV DE VERDUN;M;4880840.0;237370.0;940
201400044821;14;8;28;1800;1;2;1;1.0;3;41;63, LOUIS BERTRAND;M;4881770.0;237561.0;940
201400044827;14;1;31;1445;1;2;2;1.0;3;41;49, P VAILLANT C/R LENIN;M;4881810.0;239797.0;940
201400044849;14;9;19;1745;1;2;1;1.0;3;41;119, PAUL VAILLANT COUTU;M;4881490.0;240171.0;940
201400044853;14;5;19;1810;1;2;1;1.0;3;41;83, GEORGES GOSNAT;M;4881210.0;238564.0;940
201400044854;14;9;21;405;5;2;3;2.0;3;41;LENINE / COUTURIER;M;4881810.0;239797.0;940
201400044862;14;10;2;1805;1;2;7;1.0;6;41;1, LEON GAMBETTA (PL);;;;940
201400044885;14;12;3;1815;5;2;3;1.0;1;41;EDOUARD VASSEUR (R);;;;940
201400044903;14;6;6;1800;1;2;3;1.0;3;41;BERTRAND / MARCEAU;M;4881740.0;238089.0;940
201400044925;14;10;14;1530;1;2;1;1.0;3;46;., EDOUARD HERIOT (R);;;;940
201400044928;14;1;27;1745;1;2;2;2.0;2;46;GENERAL DE GAULLE/PROFES;M;4880710.0;242547.0;940
201400044930;14;10;15;1715;1;2;1;2.0;2;46;., JEAN MOULIN (PL);;;;940
201400044942;14;4;7;1800;1;2;1;1.0;3;46;119, GEORGES CLEMENCEAU;M;4881350.0;244366.0;940
201400044943;14;4;7;2340;3;2;2;1.0;3;46;REPUBLIQUE / MICHELET;M;4881000.0;245556.0;940
201400044960;14;7;16;1055;1;2;1;1.0;1;46;AV DU PROFESSEUR CADIOT;M;4880340.0;243351.0;940
201400044989;14;6;24;1950;1;2;3;1.0;3;46;MEDERIC / LEON BLUM;M;4880230.0;243484.0;940
201400045029;14;7;4;1930;1;1;1;1.0;6;58;AV GEORGES CLEMENCEAU;M;4884070.0;250512.0;940
201400045036;14;7;15;935;1;2;2;1.0;2;42;R CHAPSAL / MERMOZ;M;4882020.0;246704.0;940
201400045041;14;2;12;1220;1;2;1;1.0;3;58;3, R ALBERT LECOCQ;M;4883460.0;250406.0;940
201400045051;14;8;24;1440;1;2;3;1.0;2;42;BROSSOLETTE / KENNEDY;M;4881770.0;246766.0;940
201400045055;14;9;1;910;1;2;3;1.0;3;52;DE GAULLE / PONTIER;M;4883650.0;248214.0;940
201400045070;14;9;16;1740;1;2;1;1.0;3;52;160 CHARLES DE GAULLE;M;4883830.0;248972.0;940
201400045076;14;9;22;745;1;2;3;1.0;3;42;POLANGIS / MADRID;M;4882410.0;246895.0;940
201400045091;14;10;9;915;1;2;1;1.0;3;42;21, GENERAL GALLIENI (AV;;;;940
201400045106;14;10;30;1600;1;2;3;1.0;2;15;DAGUERRE (PL);;;;940
201400045107;14;10;31;1400;1;2;1;1.0;6;15;26, LOUIS FERBER (QU);;;;940
201400045145;14;3;12;1640;1;2;3;1.0;2;68;GIRAUD / LALANDE;M;4878770.0;249142.0;940
201400045146;14;3;14;1845;1;2;4;1.0;3;68;DOLET / DEROULEDE;M;4878980.0;248443.0;940
201400045150;14;4;5;1438;1;2;1;1.0;3;68;49,QU DU PORT DE CRETEIL;M;4880110.0;247009.0;940
201400045166;14;6;13;1415;1;2;1;1.0;3;68;BD DES CORNEILLES;M;4878610.0;249217.0;940
201400045174;14;7;10;925;1;2;2;3.0;2;68;BEAUBOURG / CONDE;M;4881330.0;247878.0;940
201400045186;14;9;1;1915;1;2;1;1.0;3;68;3, MAURICE BERTEAUX;M;4881160.0;246897.0;940
201400045188;14;9;12;1625;1;2;2;1.0;3;68;REMISES / LORRAINE;M;4880590.0;247293.0;940
201400045192;14;9;18;1000;1;2;2;1.0;3;68;MOINES / ROCHEREAU;M;4878710.0;250547.0;940
201400045194;14;9;21;1240;1;2;4;2.0;3;68;LAFAYETTE / MARIGNAN;M;4880600.0;251194.0;940
201400045201;14;10;10;1540;1;2;2;1.0;3;68;CRETEIL (BD DE);;;;940
201400045243;14;7;7;1650;1;2;1;1.0;3;68;40, R DELERUE;M;4879570.0;249104.0;940
201400045245;14;7;16;1800;1;2;1;1.0;3;68;R DE LA VARENNE;M;4880710.0;247545.0;940
201400045299;14;3;20;840;1;2;2;1.0;3;78;JUSTICE / KENNEDY;M;4873140.0;245860.0;940
201400045352;14;7;31;1825;1;2;1;1.0;3;77;AV LE FOLL;M;4872910.0;242933.0;940
201400045354;14;8;1;2300;5;2;3;1.0;2;78;CARNOT / BOIELDIEU;M;4873300.0;244893.0;940
201400045382;14;10;28;1440;1;2;2;5.0;3;77;1, POINCARE (AV);;;;940
201400045388;14;11;16;2015;5;2;1;2.0;2;1;8, RUE DU BAC;;;;940
201400045407;14;1;22;725;5;2;3;1.0;3;80;R CHARLES PATHE/R DAUMES;M;4885040.0;243813.0;940
201400045409;14;1;25;1900;5;2;1;1.0;3;80;92, R DE MONTREUIL;M;4885060.0;243457.0;940
201400045412;14;3;5;735;1;2;1;1.0;6;80;12, AV DE PARIS;M;4884470.0;243702.0;940
201400045423;14;4;15;2000;2;2;1;1.0;3;80;16, AV DU GENERAL DE GAU;M;4884400.0;243430.0;940
201400045431;14;6;5;1520;1;2;2;1.0;3;80;BERAULT / REPUBLIQUE;M;4884630.0;242880.0;940
201400045433;14;6;12;1820;1;2;3;1.0;1;80;AUBERT / L'EGALITE;M;4884750.0;242900.0;940
201400045436;14;6;16;1905;1;2;3;1.0;3;67;JOFFRE / VITEAU;M;4884760.0;241763.0;940
201400045437;14;6;20;1820;1;2;1;1.0;3;80;AV DU CHATEAU;M;4884870.0;243715.0;940
201400045445;14;7;27;2005;2;2;3;1.0;3;80;MINIMES / DE GAULLE;M;4884100.0;243288.0;940
201400045450;14;8;21;55;5;2;5;1.0;3;67;FOCH / LECLERC;M;4884650.0;241756.0;940
201400045456;14;9;17;1750;1;2;3;1.0;3;67;DE GAULLE / COURBET;M;4884550.0;241757.0;940
201400045464;14;9;29;1845;1;2;3;1.0;3;80;LAGNY / PREVOYANCE;M;4884930.0;242083.0;940
201400045472;14;11;18;1750;5;2;1;3.0;3;80;92, AUBERT (AV);;;;940
201400045531;14;5;2;930;1;2;1;1.0;3;81;20, EUGENE PELLETAN;M;4879360.0;238565.0;940
201400045553;14;6;23;840;1;2;1;1.0;3;81;R JULES LAGAISSE;M;4879830.0;237871.0;940
201400045572;14;9;1;1435;1;2;7;1.0;3;81;LECLERC / DERRY;M;4878970.0;238984.0;940
201400045579;14;9;26;1820;1;2;2;1.0;6;81;YOURI GAGARINE;M;4878600.0;239159.0;940
201400045624;14;1;23;940;1;2;3;1.0;3;582;AV DE LA SABERNAUDE;M;4897740.0;224260.0;950
201400045677;14;4;30;1800;1;2;2;1.0;2;18;BD DU GENERAL LECLERC;M;4894670.0;223810.0;950