Num_Acc;an;mois;jour;hrmn;lum;agg;int;atm;col;com;adr;gps;lat;long;dep
201400045680;14;5;11;1200;1;2;1;1.0;2;176;RTE D'ARGENTEUIL;M;4896960.0;220130.0;950
201400045695;14;6;4;1020;1;2;2;2.0;3;176;BD GEORGES CLEMENCEAU;M;4896960.0;219460.0;950
201400045701;14;6;13;1105;1;2;3;1.0;3;18;BD JEAN ALLEMANE;M;4895410.0;225440.0;950
201400045710;14;7;2;2110;1;2;3;1.0;3;18;R DE LA BERIONNE;M;4895130.0;222170.0;950
201400045715;14;7;9;1410;1;2;2;2.0;3;18;R DU NORD;M;4896090.0;225550.0;950
201400045728;14;8;21;2015;1;2;1;1.0;3;18;PONT D'ARGENTEUIL;M;4894110.0;225410.0;950
201400045734;14;9;6;1250;1;2;5;1.0;6;18;AV D'ARGENTEUIL;M;4894090.0;220810.0;950
201400045741;14;9;30;1720;1;2;1;1.0;3;582;BD CHARLES DE GAULLE;M;4897260.0;225520.0;950
201400045742;14;10;3;950;1;2;2;1.0;1;18;R DU NORD;M;4896090.0;225550.0;950
201400045765;14;11;13;845;4;2;1;1.0;2;18;R D' EPINAY;M;4895160.0;227790.0;950
201400045795;14;4;7;1930;1;2;1;1.0;3;63;R DES FRERES BONNEFF;M;4892970.0;221090.0;950
201400045800;14;5;30;1720;1;2;1;1.0;3;63;R ANDRE LEMONIER;M;4892790.0;220680.0;950
201400045830;14;3;18;1650;1;2;6;1.0;3;218;CHE VERT;M;4901110.0;209870.0;950
201400045834;14;4;5;1815;1;2;1;1.0;1;572;R DE LIESSE;M;4904150.0;211970.0;950
201400045839;14;5;13;2030;1;2;1;1.0;2;500;R DE L'HERMITAGE;M;4905490.0;210480.0;950
201400045842;14;5;31;1900;1;2;1;1.0;6;572;AV GENERAL DE GAULLE;M;4904310.0;210840.0;950
201400045886;14;3;24;1520;1;2;1;1.0;6;288;RTE DE CALAIS;M;4898480.0;236170.0;950
201400045932;14;7;27;1230;1;2;2;1.0;3;555;R D' ERMONT;M;4897110.0;228080.0;950
201400045939;14;11;24;930;1;2;6;2.0;2;598;AV DE PARIS;M;4898590.0;229720.0;950
201400045940;14;10;1;1317;1;2;1;1.0;2;555;AV DANIELE CASANOVA;M;4897310.0;228970.0;950
201400045947;14;1;5;915;1;2;3;1.0;3;252;BD DU BEL-AIR;M;4898450.0;224060.0;950
201400045963;14;3;25;905;1;2;1;2.0;3;203;R BLANCHE ROSE;M;4897860.0;227710.0;950
201400045973;14;4;15;1940;1;2;2;1.0;3;252;CHAUSSEE JULES CESAR;M;4899830.0;223020.0;950
201400045975;14;4;27;935;1;2;6;2.0;3;203;RTE DE SAINT LEU;M;4899490.0;227540.0;950
201400045987;14;6;7;1510;1;2;1;1.0;3;252;BD DU BEL-AIR;M;4898560.0;223810.0;950
201400045991;14;6;16;1730;1;2;1;1.0;3;203;R D'ANDILLY;M;4899520.0;228430.0;950
201400045997;14;7;11;1105;1;2;3;2.0;3;219;R PIERRE LOTI;M;4897920.0;225020.0;950
201400046003;14;8;2;1530;1;2;6;1.0;1;203;RTE DE SAINT LEU;M;4899530.0;227470.0;950
201400046005;14;8;5;1810;1;2;1;1.0;3;203;RTE DE SAINT LEU;M;4899530.0;227460.0;950
201400046008;14;8;19;945;1;2;4;1.0;1;491;R PASTEUR;M;4899590.0;223840.0;950
201400046015;14;9;6;1950;1;2;1;1.0;1;252;R DE LA BONNE RENCONTRE;M;4899650.0;222460.0;950
201400046022;14;10;2;1525;1;2;1;1.0;3;252;BD DU BEL-AIR;M;4898770.0;223250.0;950
201400046023;14;10;4;1330;1;2;2;1.0;3;574;RTE DE MONTMORENCY;M;4901010.0;226330.0;950
201400046026;14;10;13;2055;5;2;1;1.0;1;491;R LOUIS ARMAND;M;4900040.0;224870.0;950
201400046031;14;11;6;700;2;2;6;1.0;3;203;CARR CHARLES DE GAULLE;M;4899490.0;227570.0;950
201400046032;14;11;6;810;1;2;1;1.0;3;252;AV DES MARAIS;M;4899460.0;222120.0;950
201400046041;14;11;28;800;1;2;1;1.0;3;203;R DU GENERAL LECLERC;M;4898350.0;227190.0;950
201400046042;14;11;29;1240;1;2;1;1.0;3;203;R DE SAINT PRIX;M;4900250.0;227050.0;950
201400046046;14;12;16;1725;5;2;6;1.0;3;252;AV DES MARAIS;M;4899230.0;222260.0;950
201400046048;14;12;17;1150;1;2;1;2.0;2;203;R DE SAINT PRIX;M;4900220.0;227020.0;950
201400046054;14;7;14;1120;1;2;6;1.0;3;203;AV VOLTAIRE;M;4899490.0;227570.0;950
201400046095;14;4;13;1050;1;2;6;1.0;3;19;AV CHARLES VAILLANT;M;4898610.0;241270.0;950
201400046248;14;3;27;1130;1;2;3;1.0;3;51;CH JULES CESAR;M;4900740.0;220290.0;950
201400046251;14;6;1;1135;1;2;6;1.0;1;607;BD DU  HUIT MAI 1945;M;4901040.0;221340.0;950
201400046267;14;3;13;1720;1;2;1;1.0;3;607;R DE PARIS;M;4902660.0;222430.0;950
201400046348;14;2;27;1550;1;2;1;2.0;6;381;15, LOUIS PRADEL;;;;690
201400046354;14;6;28;1710;1;2;1;1.0;6;381;7, RUE PRESIDENT EDOUARD;;;;690
201400046355;14;6;17;2115;3;2;2;2.0;1;381;15, REPUBLIQUE (DE LA);;;;690
201400046357;14;8;12;1350;1;2;1;1.0;3;381;12, RUE BURDEAU;;;;690
201400046362;14;10;2;715;1;2;1;1.0;3;381;MONTEE SAINT SEBASTIEN;;;;690
201400046368;14;11;6;1730;5;2;2;1.0;3;381;PLACE TOBIE ROBATEL;;;;690
201400047752;14;11;13;922;1;1;1;1.0;3;28;RN 104;;;;950
201400049153;14;4;9;1622;1;1;1;1.0;1;37;sans, TOUTES RUES;M;0.0;0.0;202
201400049160;14;4;24;1900;1;2;1;2.0;3;3;SANS, TOUTES RUES;M;0.0;0.0;202
201400049192;14;6;12;1540;1;2;1;1.0;1;33;9, TOUTES RUES;M;0.0;0.0;202
201400049202;14;7;8;1515;1;2;3;1.0;3;120;SANS, TOUTES RUES;M;0.0;0.0;202
201400049225;14;8;13;1325;1;2;1;1.0;3;33;SANS, IMPERIALE - ROUTE;M;0.0;0.0;202
201400049320;14;1;7;900;1;2;1;1.0;3;382;SQUARE JULIEN GRAS;;;;690
201400049321;14;1;8;1350;1;2;1;1.0;6;382;11, PRESIDENT CARNOT (DU;;;;690
201400049322;14;1;10;1310;1;2;1;1.0;6;382;5, RUE NEUVE;;;;690
201400049327;14;7;10;1710;1;2;1;2.0;6;282;0, RUE JEAN JAURES;;;;690
201400049336;14;2;21;1855;5;2;1;1.0;6;382;44, CHARLEMAGNE;;;;690
201400049341;14;3;23;35;5;2;1;1.0;3;382;1, BELLECOUR;;;;690
201400049349;14;4;23;1215;1;2;1;1.0;7;382;50, CHARLEMAGNE;;;;690
201400049350;14;5;5;950;1;2;1;1.0;6;382;BARRE (DE LA);;;;690
201400049356;14;6;3;1900;1;2;1;1.0;6;382;56, RUE PRESIDENT EDOUAR;;;;690
201400049359;14;6;17;1640;1;2;1;1.0;6;382;95, RUE PRESIDENT EDOUAR;;;;690
201400049371;14;8;2;1850;1;2;1;1.0;6;382;3, BARRE (DE LA);;;;690
201400049379;14;9;16;1450;1;2;1;1.0;3;382;53, PLACE DE LA REPUBLIQ;;;;690
201400049391;14;10;11;1015;1;2;1;1.0;2;382;44, COURS CHARLEMAGNE;;;;690
201400049568;14;1;6;1340;1;2;1;1.0;3;383;9, RUE DES CUIRASSIERS;;;;690
201400049574;14;1;16;830;1;2;3;1.0;3;383;0, AVENUE FELIX FAURE;;;;690
201400049578;14;1;17;1625;1;2;2;1.0;3;383;RUE VIALA;;;;690
201400049586;14;2;4;1600;1;2;1;1.0;6;386;16, RUE COMMANDANT FAURA;;;;690
201400049588;14;2;6;1105;1;2;1;1.0;6;387;116, COURS GAMBETTA;;;;690
201400049596;14;2;19;815;1;2;2;8.0;3;383;QUAI VICTOR AUGAGNEUR;;;;690
201400049597;14;2;17;1130;1;2;1;1.0;1;387;70, COURS GAMBETTA;;;;690
201400049598;14;2;22;330;5;2;1;1.0;1;386;92, RUE JULIETTE RECAMIE;;;;690
201400049609;14;3;11;2044;5;2;1;1.0;3;383;0, RUE BARABAN;;;;690
201400049614;14;3;17;1540;1;2;1;1.0;3;383;32, AVENUE GEORGES POMPI;;;;690
201400049616;14;3;22;1310;1;2;2;2.0;3;383;RUE PAUL BERT;;;;690
201400049619;14;4;1;805;1;2;2;1.0;1;383;0, COURS LAFAYETTE;;;;690
201400049621;14;4;3;1700;1;2;1;1.0;6;383;9, RUE JEAN PIERRE LEVY;;;;690
201400049623;14;4;7;1;5;2;2;1.0;6;383;111, AVENUE MARECHAL DE;;;;690
201400049627;14;4;15;1345;1;2;2;1.0;3;383;0, RUE SERVIENT;;;;690
201400049636;14;4;24;1020;1;2;1;1.0;3;383;126, COURS GAMBETTA;;;;690
201400049639;14;4;30;1355;1;2;3;1.0;3;383;RUE GENERAL MOUTON DUVER;;;;690
201400049642;14;5;9;845;1;2;1;1.0;3;386;BOULEVARD JULES FAVRE;;;;690
201400049650;14;5;17;1920;1;2;1;1.0;3;383;270, RUE DUGUESCLIN;;;;690
201400049655;14;5;18;315;5;2;2;1.0;3;383;RUE DE CREQUI;;;;690
201400049656;14;5;20;915;1;2;2;1.0;3;383;0, RUE DE CREQUI;;;;690
201400049661;14;5;28;1650;1;2;1;1.0;6;383;QUAI VICTOR AUGAGNEUR;;;;690
201400049662;14;5;30;455;5;2;1;1.0;6;383;21, QUAI VICTOR AUGAGNEU;;;;690
201400049666;14;6;11;800;1;2;1;1.0;3;383;AVENUE GEORGES POMPIDOU;;;;690
201400049667;14;6;4;1630;1;2;1;1.0;2;386;COURS VITTON;;;;690
201400049669;14;6;6;845;1;2;3;1.0;3;386;COURS LAFAYETTE;;;;690
201400049675;14;6;16;2020;1;2;1;1.0;3;383;COURS GAMBETTA;;;;690
201400049677;14;6;12;1450;1;2;1;1.0;7;386;0, QUAI CHARLES DE GAULL;;;;690
201400049678;14;6;18;1220;1;2;1;1.0;3;383;45, BOULEVARD MARIUS VIV;;;;690
201400049682;14;6;26;2100;1;2;2;1.0;3;383;RUE DE LA PART DIEU;;;;690
201400049685;14;6;30;925;1;2;1;1.0;6;383;276, RUE GARIBALDI;;;;690
201400049688;14;6;30;1855;1;2;1;1.0;6;383;COURS LAFAYETTE;;;;690
201400049689;14;7;3;2015;1;2;2;1.0;4;383;0, BOULEVARD MARIUS VIVI;;;;690
201400049703;14;7;26;1950;1;2;1;1.0;2;383;138, COURS LAFAYETTE;;;;690
201400049705;14;7;29;1500;1;2;1;8.0;1;383;263 COURS LAFAYETTE;;;;690
201400049709;14;8;7;845;1;2;3;1.0;2;383;0, RUE GENERAL MOUTON DU;;;;690
201400049714;14;8;26;1945;1;2;3;1.0;3;386;0, BOULEVARD DES BROTTEA;;;;690
201400049715;14;8;27;825;1;2;2;1.0;3;386;COURS LAFAYETTE;;;;690
201400049716;14;8;27;950;1;2;1;1.0;3;383;86, R FERDINAND BUISSON;;;;690
201400049726;14;9;8;745;1;2;1;1.0;3;383;0, AVENUE FELIX FAURE;;;;690
201400049728;14;9;9;2205;5;2;1;1.0;3;386;BOULEVARD DES BELGES;;;;690
201400049733;14;9;16;805;1;2;1;1.0;3;383;AVENUE ROCKEFELLER;;;;690
201400049735;14;9;17;1515;1;2;5;1.0;3;386;0, RUE MASSENA;;;;690
201400049736;14;9;17;1350;1;2;1;1.0;3;386;122, RUE DE SEZE;;;;690
201400049742;14;9;24;825;1;2;1;1.0;3;387;154, COURS GAMBETTA;;;;690
201400049743;14;9;24;1750;1;2;1;2.0;1;383;RUE VENDOME;;;;690
201400049745;14;9;28;1430;1;2;1;1.0;2;383;COURS GAMBETTA;;;;690
201400049758;14;10;31;645;1;2;1;1.0;6;383;0, RUE GARIBALDI;;;;690
201400049764;14;11;7;1700;1;2;1;1.0;3;383;2, COURS ALBERT THOMAS;;;;690
201400049771;14;11;17;730;1;2;2;2.0;3;383;RUE SAINT ANTOINE;;;;690
201400049778;14;11;24;1945;5;2;1;1.0;6;383;196, AVENUE FELIX FAURE;;;;690
201400049783;14;11;27;1815;5;2;2;1.0;1;383;0, AVENUE FELIX FAURE;;;;690
201400049788;14;12;6;1930;5;2;2;2.0;3;383;106, AVENUE MARECHAL DE;;;;690
201400049790;14;12;8;1705;5;2;2;1.0;3;383;RUE PAUL BERT;;;;690
201400049792;14;12;3;1605;1;2;2;1.0;3;386;RUE CURTELIN;;;;690
201400049793;14;12;9;845;1;2;2;1.0;3;386;BOULEVARD DES BELGES;;;;690
201400049794;14;12;10;1545;1;2;1;2.0;2;387;128, COURS GAMBETTA;;;;690
201400049798;14;12;16;1210;1;2;1;1.0;3;383;223, AVENUE FELIX FAURE;;;;690
201400049803;14;12;17;1915;5;2;1;1.0;6;383;87, COURS LAFAYETTE;;;;690
201400049808;14;12;23;1300;1;2;3;1.0;3;383;RUE DOCTEUR REBATEL;;;;690
201400049816;14;3;12;1345;1;2;1;1.0;6;384;SANS, TUNNEL ROUTIER DE;;;;690
201400049819;14;3;20;2120;5;2;1;1.0;3;384;117, BOULEVARD DE LA CRO;;;;690
201400049821;14;4;1;1350;1;2;1;1.0;1;384;TUNNEL ROUTIER DE LA CRO;;;;690
201400049838;14;7;10;2126;5;2;1;1.0;2;384;51BIS, QUAI JOSEPH GILLE;;;;690
201400049840;14;8;6;1915;1;2;1;1.0;6;384;41, RUE EUGENE PONS;;;;690
201400049843;14;9;4;1100;1;2;1;1.0;3;384;CHEMIN DE SERIN A LA CRO;;;;690
201400049847;14;10;8;1500;1;2;1;1.0;3;384;RUE PHILIPPE DE LASSALLE;;;;690
201400049852;14;12;11;1705;4;2;3;2.0;3;384;RUE HENON;;;;690
201400050095;14;2;12;1620;1;2;9;1.0;3;385;27, QUAI ROMAIN ROLLAND;;;;690
201400050112;14;6;4;1205;1;2;6;3.0;3;385;25, RUE DES FARGES;;;;690
201400050115;14;6;26;20;5;2;1;1.0;7;385;SANS, MONTEE DU CHEMIN N;;;;690
201400050119;14;12;6;1230;1;2;1;1.0;2;385;214, RUE JEAN CARRIES;;;;690
201400050120;14;8;6;1303;1;2;1;1.0;7;385;9, RUE MERE ELISABETH RI;;;;690
201400050125;14;9;12;1855;1;2;1;1.0;6;385;PONT BONAPARTE;;;;690
201400050222;14;1;24;715;5;2;2;1.0;3;387;RUE RAOUL SERVANT;;;;690
201400050225;14;2;10;850;1;2;1;2.0;3;387;PONT DE LA GUILLOTIERE;;;;690
201400050249;14;3;28;920;1;2;1;1.0;6;387;92bis, AVENUE DEBOURG;;;;690
201400050257;14;4;8;1030;1;2;1;1.0;2;387;18, AVENUE JEAN JAURES;;;;690
201400050261;14;4;9;840;1;2;1;1.0;1;387;82, AVENUE DEBOURG;;;;690
201400050265;14;4;16;1115;1;2;2;1.0;3;387;AVENUE BERTHELOT;;;;690
201400050298;14;6;21;1930;1;2;1;1.0;3;387;0, PONT GALLIENI;;;;690
201400050305;14;7;23;1717;1;2;1;1.0;2;387;AVENUE BERTHELOT;;;;690
201400050328;14;10;2;1810;1;2;2;1.0;3;387;0, RUE MARCEL MERIEUX;;;;690
201400050335;14;10;18;1234;1;2;1;1.0;3;387;PONT DE L UNIVERSITE;;;;690
201400050338;14;10;23;1700;1;2;1;1.0;3;387;2, COURS GAMBETTA;;;;690
201400050340;14;10;25;1740;1;2;2;1.0;3;387;1, RUE ANDRE BOLLIER;;;;690
201400050341;14;10;29;1550;1;2;1;1.0;3;387;62, AVENUE JEAN JAURES;;;;690
201400050356;14;11;27;1140;1;2;1;1.0;6;387;12, RUE D ANVERS;;;;690
201400050375;14;1;30;1825;5;2;1;2.0;2;388;0, AVENUE DES FRERES LUM;;;;690
201400050391;14;3;2;1245;1;2;1;1.0;6;388;286, AVENUE BERTHELOT;;;;690
201400050396;14;3;6;1145;1;2;1;1.0;6;388;82, BOULEVARD DES ETATS;;;;690
201400050399;14;3;27;735;2;2;1;1.0;6;388;38, COURS ALBERT THOMAS;;;;690
201400050412;14;4;23;1220;1;2;2;1.0;3;388;AVENUE BERTHELOT;;;;690
201400050416;14;5;5;935;1;2;3;1.0;3;388;0, RUE PROFESSEUR BEAUVI;;;;690
201400050417;14;5;15;1430;1;2;2;1.0;3;388;RUE JOSEPH CHAPELLE;;;;690
201400050419;14;5;15;1820;1;2;1;6.0;6;388;170, AVENUE PAUL SANTY;;;;690
201400050428;14;6;21;1925;1;2;2;1.0;3;388;0, RUE SAINT GERVAIS;;;;690
201400050432;14;7;22;1000;1;2;2;2.0;1;388;28, RUE SAINT GERVAIS;;;;690
201400050434;14;7;30;1205;1;2;2;2.0;3;388;11, RUE AUDIBERT ET LAVI;;;;690
201400050435;14;8;4;900;1;2;3;1.0;3;388;0, AVENUE ROCKEFELLER;;;;690
201400050443;14;9;8;840;1;2;1;1.0;3;388;AVENUE BERTHELOT;;;;690
201400050444;14;9;9;700;2;2;1;8.0;3;388;55, RUE MARYSE BASTIE;;;;690
201400050447;14;9;11;2300;5;2;3;1.0;3;388;0, AVENUE DES FRERES LUM;;;;690
201400050459;14;10;7;1740;1;2;2;2.0;3;388;0, AVENUE JEAN MERMOZ;;;;690
201400050460;14;10;13;2100;4;2;3;2.0;3;388;COURS ALBERT THOMAS;;;;690
201400050477;14;11;10;2140;5;2;1;1.0;3;388;8, AVENUE JEAN MERMOZ;;;;690
201400050486;14;11;7;1700;1;2;1;1.0;1;388;2, COURS ALBERT THOMAS;;;;690
201400050487;14;11;21;1520;1;2;1;1.0;3;388;AVENUE JEAN MERMOZ;;;;690
201400050716;14;6;13;745;1;1;1;1.0;2;29;A43   3.353 A 3.865;;;;690
201400050725;14;6;21;1420;1;1;6;1.0;3;544;inter crs Brillier;M;4552226.0;486897.0;380
201400050755;14;7;16;2020;1;1;1;1.0;4;152;A7   4.270 A 7.000;;;;690
201400050827;14;9;18;740;1;1;1;1.0;7;382;A7   0.000 A 2.278;;;;690
201400051011;14;4;9;1300;1;2;1;1.0;3;389;28, RUE LOUIS LOUCHEUR;;;;690
201400051018;14;4;23;1545;1;2;1;1.0;7;389;101, RUE DU BOURBONNAIS;;;;690
201400051025;14;6;12;940;1;2;1;1.0;6;389;18, QUAI ARLOING;;;;690
201400051035;14;6;30;1700;1;2;1;1.0;3;389;27, AVENUE JOANNES MASSE;;;;690
201400051038;14;7;5;1310;1;2;1;1.0;3;389;BRETELLE TASSIN VOIE NOR;;;;690
201400051047;14;9;19;1730;1;2;1;1.0;6;389;RUE DE SAINT CYR;;;;690
201400051053;14;9;8;1650;1;2;1;1.0;7;389;90, AVENUE BARTHELEMY BU;;;;690
201400051063;14;9;28;1715;1;2;1;1.0;7;389;QUAI PAUL SEDALLIAN;;;;690
201400051078;14;11;21;1835;5;2;1;1.0;3;389;100, AVENUE BARTHELEMY B;;;;690
201400051669;14;1;17;1955;5;2;1;1.0;2;101;PONT NEUF;;;;750
201400051673;14;1;22;1430;1;2;3;2.0;3;101;PONT ROYAL;;;;750
201400051675;14;1;25;2000;5;2;1;1.0;6;101;41, RUE SAINT HONORE;;;;750
201400051682;14;2;3;1415;1;2;7;1.0;3;101;170, RUE DE RIVOLI;;;;750
201400051683;14;2;8;1650;1;2;2;1.0;4;101;2, RUE DE L AMIRAL DE CO;;;;750
201400051684;14;2;9;1445;1;2;2;8.0;3;101;1, RUE ETIENNE MARCEL;;;;750
201400051694;14;2;17;940;1;2;2;8.0;3;101;172, RUE DE RIVOLI;;;;750
201400051704;14;3;6;1150;1;2;5;1.0;6;101;12, AVENUE VICTORIA;;;;750
201400051709;14;3;10;1420;1;2;3;1.0;2;101;194 bis, RUE DE RIVOLI;;;;750
201400051723;14;4;8;745;1;2;7;1.0;3;101;33, RUE DU PONT NEUF;;;;750
201400051733;14;5;4;1515;1;2;2;1.0;2;101;QUAI DU LOUVRE;;;;750
201400051739;14;5;18;20;5;2;1;1.0;6;101;45, RUE SAINT HONORE;;;;750
201400051744;14;5;24;1405;1;2;2;2.0;7;101;189, RUE SAINT HONORE;;;;750
201400051756;14;6;20;20;5;2;1;1.0;1;101;1, RUE SAINT DENIS;;;;750
201400051763;14;6;30;1820;1;2;7;1.0;1;101;1, PLACE DU LOUVRE;;;;750
201400051764;14;7;1;905;1;2;1;2.0;6;101;44, RUE DU LOUVRE;;;;750
201400051772;14;7;22;1138;1;2;5;1.0;6;101;33, RUE DE L ARBRE SEC;;;;750
201400051773;14;7;23;920;1;2;5;1.0;3;101;144, RUE DE RIVOLI;;;;750
201400051776;14;7;31;1135;1;2;1;1.0;2;101;44, RUE DU LOUVRE;;;;750
201400051778;14;7;31;2000;1;2;3;1.0;3;101;106, RUE DE RIVOLI;;;;750
201400051784;14;8;18;1805;1;2;3;1.0;2;101;194, RUE DE RIVOLI;;;;750
201400051791;14;8;29;1725;1;2;3;1.0;4;101;118, RUE DE RIVOLI;;;;750
201400051797;14;9;13;255;5;2;2;1.0;3;101;1, PONT AU CHANGE;;;;750
201400051801;14;9;23;1610;1;2;2;1.0;3;101;3, RUE DU LOUVRE;;;;750
201400051804;14;9;29;1925;5;2;1;1.0;2;101;245, RUE SAINT HONORE;;;;750
201400051808;14;10;10;2030;5;2;7;1.0;2;101;1, PLACE COLETTE;;;;750
201400051815;14;10;25;1310;1;2;2;2.0;6;101;2, RUE DES HALLES;;;;750
201400051822;14;11;6;950;1;2;3;1.0;6;101;150, RUE DE RIVOLI;;;;750
201400051826;14;11;12;815;1;2;1;1.0;7;101;QUAI FRANCOIS MITTERRAND;;;;750
201400051827;14;11;13;900;1;2;2;1.0;1;101;10, RUE DU LOUVRE;;;;750
201400051864;14;1;27;1005;1;2;3;1.0;3;102;2, RUE NOTRE DAME DES VI;;;;750
201400051866;14;2;8;2245;5;2;1;1.0;6;102;21, BOULEVARD POISSONNIE;;;;750
201400051873;14;3;4;1700;1;2;2;1.0;3;102;115, RUE D ABOUKIR;;;;750
201400051875;14;3;10;1115;1;2;3;1.0;3;101;216, RUE DE RIVOLI;;;;750
201400051878;14;3;15;2145;5;2;1;1.0;3;102;16, RUE ETIENNE MARCEL;;;;750
201400051882;14;4;8;1250;1;2;2;1.0;2;102;96, RUE REAUMUR;;;;750
201400051906;14;6;17;1600;1;2;2;1.0;3;102;105, BOULEVARD DE SEBAST;;;;750
201400051909;14;6;18;1720;1;2;2;1.0;2;102;43, AVENUE DE L OPERA;;;;750
201400051918;14;7;8;1605;1;2;5;1.0;3;102;AVENUE DE L OPERA;;;;750
201400051921;14;7;11;1430;1;2;2;2.0;3;102;27, RUE DU QUATRE SEPTEM;;;;750
201400051924;14;7;15;2350;4;2;2;1.0;6;102;99, RUE REAUMUR;;;;750
201400051928;14;7;30;1135;1;2;1;1.0;3;103;69, RUE CHARLOT;;;;750
201400051933;14;8;16;1512;1;2;2;1.0;2;102;21, BOULEVARD MONTMARTRE;;;;750
201400051936;14;8;26;1835;1;2;1;1.0;3;102;BOULEVARD DE BONNE NOUVE;;;;750
201400051952;14;10;10;910;1;2;2;3.0;2;102;59, RUE REAUMUR;;;;750
201400051954;14;10;15;35;5;2;1;1.0;7;102;35, RUE DU LOUVRE;;;;750
201400051991;14;2;28;1930;3;2;2;2.0;3;103;312, RUE SAINT MARTIN;;;;750
201400051992;14;3;1;1350;1;2;1;1.0;3;103;205, RUE DU TEMPLE;;;;750
201400051994;14;3;8;1550;1;2;1;1.0;3;103;9, RUE REAUMUR;;;;750
201400051996;14;3;24;1655;1;2;1;1.0;2;103;57, RUE DE TURBIGO;;;;750
201400052005;14;5;2;810;1;2;2;1.0;6;103;67, BOULEVARD BEAUMARCHA;;;;750
201400052006;14;5;9;930;1;2;1;1.0;3;103;29, RUE BEAUBOURG;;;;750
201400052009;14;5;15;1540;1;2;3;1.0;2;103;26, RUE REAUMUR;;;;750
201400052010;14;5;28;1755;1;2;7;1.0;6;110;12, PLACE DE LA REPUBLIQ;;;;750
201400052017;14;6;14;1820;1;2;1;1.0;2;103;17, BOULEVARD SAINT MART;;;;750
201400052019;14;6;21;2210;5;2;1;1.0;3;103;29, RUE BEAUBOURG;;;;750
201400052021;14;6;25;40;5;2;1;1.0;7;111;42, BD RICHARD LENOIR;;;;750
201400052040;14;8;9;215;5;2;3;2.0;3;104;1, QUAI DE L HOTEL DE VI;;;;750
201400052047;14;8;30;1615;1;2;7;1.0;2;103;15, PLACE DE LA REPUBLIQ;;;;750
201400052050;14;9;11;800;1;2;2;1.0;3;104;02, BOULEVARD DE SEBASTO;;;;750
201400052055;14;10;2;1835;1;2;7;1.0;2;103;15, PLACE DE LA REPUBLIQ;;;;750
201400052057;14;10;3;1710;1;2;2;1.0;3;103;10, RUE DUPETIT THOUARS;;;;750
201400052058;14;10;6;2010;5;2;2;2.0;6;103;43, RUE REAUMUR;;;;750
201400052060;14;10;9;27;5;2;7;2.0;3;103;13, PLACE DE LA REPUBLIQ;;;;750
201400052067;14;11;5;1135;1;2;2;1.0;3;103;23, RUE BEAUBOURG;;;;750
201400052069;14;11;12;2000;5;2;3;1.0;6;103;112, BOULEVARD DE SEBAST;;;;750
201400052076;14;12;9;1005;1;2;4;1.0;3;103;174, RUE DU TEMPLE;;;;750
201400052077;14;12;10;1650;1;2;2;1.0;6;109;2, RUE DU FAUBOURG MONTM;;;;750
201400052084;14;6;8;1230;1;2;1;1.0;6;109;58, RUE DE DUNKERQUE;;;;750
201400052088;14;1;14;845;1;2;1;1.0;2;104;1, BOULEVARD DU PALAIS;;;;750
201400052089;14;1;16;1830;5;2;7;1.0;7;104;49, BOULEVARD HENRI IV;;;;750
201400052102;14;3;5;1200;1;2;1;1.0;6;104;2, RUE DE LA COUTELLERIE;;;;750
201400052106;14;3;12;915;1;2;2;1.0;3;104;8, QUAI DU MARCHE NEUF;;;;750
201400052112;14;3;31;1530;1;2;1;1.0;2;104;PONT NOTRE DAME;;;;750
201400052113;14;3;31;1830;1;2;2;1.0;3;104;1, QUAI DES CELESTINS;;;;750
201400052114;14;4;2;1020;1;2;2;1.0;3;104;52, RUE DE RIVOLI;;;;750
201400052122;14;4;20;1810;1;2;2;1.0;3;104;QUAI DE GESVRES;;;;750
201400052126;14;5;7;2030;5;2;1;1.0;3;109;10, RUE CHORON;;;;750
201400052142;14;6;21;1720;1;2;2;1.0;3;104;32, RUE DE RIVOLI;;;;750
201400052143;14;6;24;1920;1;2;1;1.0;5;104;74, RUE FRANCOIS MIRON;;;;750
201400052145;14;6;26;1940;1;2;1;1.0;6;104;32, RUE DE RIVOLI;;;;750
201400052146;14;6;27;2143;5;2;4;1.0;2;104;101, RUE SAINT ANTOINE;;;;750
201400052153;14;7;5;1710;1;2;3;1.0;3;104;QUAI DE L HOTEL DE VILLE;;;;750
201400052171;14;7;31;1000;1;2;2;1.0;3;104;76, QUAI DE L HOTEL DE V;;;;750
201400052177;14;8;11;1910;2;2;2;3.0;5;104;22, RUE DE TURENNE;;;;750
201400052197;14;10;21;1945;4;2;2;2.0;7;104;81, RUE SAINT ANTOINE;;;;750