Num_Acc;an;mois;jour;hrmn;lum;agg;int;atm;col;com;adr;gps;lat;long;dep
201400052198;14;10;28;1530;1;2;3;1.0;3;104;58, RUE DE LA VERRERIE;;;;750
201400052212;14;12;3;749;2;2;2;2.0;6;104;QUAI HENRI IV;;;;750
201400052213;14;12;4;1039;1;2;5;1.0;3;104;74, RUE DE RIVOLI;;;;750
201400052221;14;12;21;1530;1;2;3;8.0;3;104;74, RUE DE RIVOLI;;;;750
201400052226;14;1;15;1955;5;2;7;2.0;6;113;184, BOULEVARD VINCENT A;;;;750
201400052241;14;2;12;1245;1;2;2;1.0;6;105;RUE DU VAL DE GRACE;;;;750
201400052243;14;2;18;1000;1;2;1;1.0;6;105;15, RUE LACEPEDE;;;;750
201400052250;14;3;10;1150;1;2;2;1.0;6;105;BOULEVARD SAINT MICHEL;;;;750
201400052253;14;3;23;2355;5;2;2;1.0;2;105;307, RUE SAINT JACQUES;;;;750
201400052275;14;5;6;1420;1;2;2;1.0;7;105;65, BOULEVARD SAINT MICH;;;;750
201400052290;14;5;29;915;1;2;1;1.0;7;105;23, BOULEVARD SAINT MICH;;;;750
201400052297;14;6;12;1830;1;2;2;1.0;7;105;PONT PETIT PONT;;;;750
201400052299;14;6;13;1955;1;2;7;1.0;6;105;49, BOULEVARD SAINT GERM;;;;750
201400052309;14;7;2;1825;1;2;7;1.0;3;105;47 TER, BOULEVARD SAINT;;;;750
201400052313;14;8;2;1945;1;2;5;1.0;3;105;46, RUE DU CARDINAL LEMO;;;;750
201400052317;14;8;24;1615;1;2;1;1.0;4;105;18, RUE DES FOSSES SAINT;;;;750
201400052323;14;9;8;915;1;2;5;1.0;3;105;QUAI SAINT BERNARD;;;;750
201400052325;14;9;10;940;1;2;4;1.0;6;105;6, RUE GAY LUSSAC;;;;750
201400052329;14;9;17;843;1;2;2;1.0;2;105;101, BOULEVARD SAINT GER;;;;750
201400052333;14;9;20;259;5;2;3;1.0;2;105;5, BOULEVARD SAINT MICHE;;;;750
201400052346;14;10;11;621;5;2;2;2.0;3;105;1, PLACE DU PETIT PONT;;;;750
201400052350;14;10;20;2200;5;2;1;1.0;6;105;4, RUE PIERRE ET MARIE C;;;;750
201400052356;14;11;6;825;1;2;2;1.0;3;105;98, BOULEVARD SAINT GERM;;;;750
201400052357;14;11;8;340;5;2;2;1.0;3;105;QUAI SAINT MICHEL;;;;750
201400052358;14;11;11;2055;5;2;3;1.0;3;105;7, RUE DU FER A MOULIN;;;;750
201400052359;14;11;13;940;1;2;2;1.0;6;105;20, RUE CENSIER;;;;750
201400052369;14;12;11;1105;1;2;3;1.0;6;105;51bis, BOULEVARD SAINT G;;;;750
201400052374;14;12;16;910;1;2;1;8.0;7;105;10, RUE DE NAVARRE;;;;750
201400052390;14;1;9;1840;5;2;1;2.0;6;106;59, RUE BONAPARTE;;;;750
201400052391;14;1;10;1110;1;2;2;8.0;6;106;49, RUE BONAPARTE;;;;750
201400052392;14;1;11;1545;1;2;5;1.0;6;106;RUE DE L ECOLE DE MEDECI;;;;750
201400052406;14;2;13;835;1;2;2;2.0;3;106;2, RUE D ASSAS;;;;750
201400052408;14;2;15;1410;1;2;3;1.0;3;106;15, RUE DE VAUGIRARD;;;;750
201400052411;14;2;25;1825;2;2;1;1.0;7;106;125, BOULEVARD SAINT GER;;;;750
201400052414;14;3;8;1030;1;2;3;1.0;3;106;69 BIS, RUE DE VAUGIRARD;;;;750
201400052415;14;3;8;2000;5;2;5;1.0;3;106;27, BOULEVARD DU MONTPAR;;;;750
201400052420;14;3;19;1240;1;2;1;1.0;2;106;48, RUE SAINT PLACIDE;;;;750
201400052425;14;4;1;1455;1;2;3;1.0;3;106;QUAI DES GRANDS AUGUSTIN;;;;750
201400052440;14;5;16;1926;1;2;2;1.0;6;106;43, BOULEVARD RASPAIL;;;;750
201400052442;14;5;20;1030;1;2;3;1.0;6;106;52, RUE SAINT ANDRE DES;;;;750
201400052447;14;5;27;1750;1;2;1;1.0;6;106;13, RUE BREA;;;;750
201400052448;14;5;28;1640;1;2;2;2.0;6;106;121, BOULEVARD RASPAIL;;;;750
201400052450;14;6;4;1444;1;2;5;3.0;6;106;107, BOULEVARD RASPAIL;;;;750
201400052457;14;6;20;810;1;2;7;1.0;2;106;57, BOULEVARD DU MONTPAR;;;;750
201400052458;14;6;20;1755;1;2;5;1.0;6;106;122, RUE DE RENNES;;;;750
201400052462;14;6;26;1840;1;2;2;1.0;2;106;RUE DE VAUGIRARD;;;;750
201400052471;14;7;15;840;1;2;5;1.0;3;106;7, RUE DANTON;;;;750
201400052472;14;7;18;1800;1;2;1;1.0;6;106;11, RUE VAVIN;;;;750
201400052474;14;7;24;1538;1;2;3;1.0;3;106;73, RUE DE SEVRES;;;;750
201400052494;14;9;26;1740;1;2;1;1.0;6;106;82, RUE BONAPARTE;;;;750
201400052498;14;10;6;1230;1;2;7;1.0;6;106;1, PLACE DE L ODEON;;;;750
201400052507;14;11;4;900;1;2;1;1.0;3;106;17, RUE SAINT ROMAIN;;;;750
201400052513;14;11;8;1330;1;2;2;1.0;3;106;117, BOULEVARD SAINT GER;;;;750
201400052515;14;11;17;1558;1;2;2;2.0;3;106;1, RUE DE TOURNON;;;;750
201400052517;14;11;20;823;1;2;2;1.0;3;106;119, BOULEVARD RASPAIL;;;;750
201400052522;14;11;28;1732;5;2;7;1.0;2;106;9, PLACE SAINT ANDRE DES;;;;750
201400052531;14;12;11;2055;5;2;7;1.0;6;106;168, BOULEVARD SAINT GER;;;;750
201400052536;14;12;18;1445;1;2;3;1.0;3;106;91, BOULEVARD DU MONTPAR;;;;750
201400052537;14;12;19;1240;1;2;1;1.0;6;106;143/145, RUE DE RENNES;;;;750
201400052545;14;1;22;745;2;2;1;1.0;3;107;PONT DE LA CONCORDE;;;;750
201400052554;14;2;11;1325;1;2;1;1.0;3;107;AVENUE DE LOWENDAL;;;;750
201400052563;14;2;24;950;1;2;7;1.0;3;107;BOULEVARD DES INVALIDES;;;;750
201400052565;14;3;3;1255;1;2;1;1.0;7;107;51, BOULEVARD DE LA TOUR;;;;750
201400052567;14;3;7;154;5;2;1;1.0;2;107;23, AVENUE DE LA MOTTE P;;;;750
201400052584;14;4;11;915;1;2;1;1.0;3;107;25, AVENUE BOSQUET;;;;750
201400052590;14;4;25;1040;1;2;1;8.0;6;107;AVENUE FREDERIC LE PLAY;;;;750
201400052591;14;4;29;1850;2;2;3;2.0;3;106;47, RUE DE SEVRES;;;;750
201400052592;14;4;30;1225;1;2;1;1.0;2;107;RUE SAINT DOMINIQUE;;;;750
201400052596;14;5;6;1636;1;2;2;1.0;2;107;RUE DE SEVRES;;;;750
201400052602;14;5;15;1420;1;2;1;1.0;3;107;49, RUE SAINT DOMINIQUE;;;;750
201400052603;14;5;16;1110;1;2;2;1.0;3;107;41, QUAI D ORSAY;;;;750
201400052609;14;5;27;1910;1;2;3;1.0;2;107;7, RUE VANEAU;;;;750
201400052611;14;5;30;1725;1;2;1;1.0;6;107;QUAI BRANLY;;;;750
201400052613;14;5;31;1715;1;2;1;1.0;7;107;61, QUAI BRANLY;;;;750
201400052614;14;6;2;1750;1;2;5;1.0;3;107;35, AVENUE BOSQUET;;;;750
201400052621;14;6;12;1910;1;2;1;1.0;7;107;15, QUAI ANATOLE FRANCE;;;;750
201400052627;14;6;17;1602;1;2;2;1.0;2;107;134, RUE DE GRENELLE;;;;750
201400052628;14;6;19;745;1;2;1;1.0;2;107;15, QUAI ANATOLE FRANCE;;;;750
201400052633;14;6;22;1140;1;2;1;1.0;7;107;11, QUAI BRANLY;;;;750
201400052640;14;7;1;2330;5;2;2;2.0;3;107;00, PONT DU CARROUSEL;;;;750
201400052644;14;7;3;1335;1;2;1;1.0;3;107;226, BOULEVARD SAINT GER;;;;750
201400052648;14;7;21;1925;1;2;2;1.0;3;107;266, BOULEVARD SAINT GER;;;;750
201400052658;14;8;11;1700;1;2;2;1.0;3;107;1, PONT ROYAL;;;;750
201400052664;14;8;28;2000;1;2;5;1.0;3;107;43, AVENUE DE LA MOTTE P;;;;750
201400052667;14;9;9;1800;1;2;7;1.0;3;107;PLACE LEON PAUL FARGUE;;;;750
201400052668;14;9;10;651;1;2;2;1.0;3;107;54, RUE DU BAC;;;;750
201400052671;14;9;12;1910;1;2;2;1.0;3;107;205, BOULEVARD SAINT GER;;;;750
201400052672;14;9;13;1640;1;2;1;1.0;2;107;BOULEVARD DES INVALIDES;;;;750
201400052674;14;9;14;1145;1;2;3;1.0;2;107;205, BOULEVARD SAINT GER;;;;750
201400052683;14;9;26;1415;1;2;2;1.0;3;107;2, RUE ARISTIDE BRIAND;;;;750
201400052692;14;10;13;1320;1;2;1;1.0;3;107;PONT DES INVALIDES;;;;750
201400052696;14;10;17;1420;1;2;3;8.0;3;107;4, RUE DES SAINTS PERES;;;;750
201400052712;14;11;18;1605;1;2;4;2.0;6;107;05, QUAI ANATOLE FRANCE;;;;750
201400052715;14;11;22;245;5;2;5;1.0;2;115;QUAI BRANLY;;;;750
201400052717;14;11;24;1915;5;2;1;1.0;3;107;QUAI ANATOLE FRANCE;;;;750
201400052723;14;12;5;930;1;2;7;8.0;3;107;PLACE VAUBAN;;;;750
201400052726;14;12;10;2200;5;2;7;8.0;3;107;PLACE JOFFRE;;;;750
201400052731;14;12;14;1500;1;2;1;1.0;3;107;45, AVENUE BOSQUET;;;;750
201400052732;14;12;15;845;2;2;4;2.0;3;107;31, RUE DE CONSTANTINE;;;;750
201400052738;14;12;22;1950;5;2;3;1.0;3;107;31, RUE DE CONSTANTINE;;;;750
201400052740;14;1;2;1410;1;2;7;1.0;3;108;0, ROND POINT CHAMPS ELY;;;;750
201400052747;14;1;8;900;1;2;1;1.0;7;108;29, RUE TRONCHET;;;;750
201400052749;14;1;11;2340;5;2;2;1.0;6;108;48, RUE DE ROME;;;;750
201400052760;14;1;21;1420;1;2;2;1.0;3;108;RUE DU HAVRE;;;;750
201400052763;14;1;22;2215;5;2;7;2.0;3;108;2, PLACE DES TERNES;;;;750
201400052782;14;2;7;1845;5;2;7;1.0;3;108;PLACE DE LA CONCORDE;;;;750
201400052809;14;2;28;1430;1;2;1;1.0;6;108;37, AVENUE HOCHE;;;;750
201400052813;14;3;5;1650;1;2;7;1.0;3;108;PLACE SAINT AUGUSTIN;;;;750
201400052815;14;3;6;1655;1;2;3;1.0;3;108;15, BOULEVARD DES BATIGN;;;;750
201400052825;14;3;16;1420;1;2;7;1.0;3;108;PLACE DE LA CONCORDE;;;;750
201400052827;14;3;18;1830;2;2;1;1.0;2;108;PONT DES INVALIDES;;;;750
201400052831;14;3;22;334;5;2;2;1.0;4;108;COURS LA REINE;;;;750
201400052856;14;4;15;1635;1;2;5;1.0;2;108;18, RUE CHAUVEAU LAGARDE;;;;750
201400052862;14;4;21;1430;1;2;7;1.0;3;108;1, PLACE DE LA CONCORDE;;;;750
201400052866;14;4;24;1400;1;2;2;1.0;3;108;119, BOULEVARD MALESHERB;;;;750
201400052878;14;4;30;835;1;2;3;1.0;2;108;67, RUE DE MONCEAU;;;;750
201400052904;14;5;30;1515;1;2;5;1.0;3;108;5, RUE DU HAVRE;;;;750
201400052907;14;6;2;900;1;2;1;1.0;3;108;82, BOULEVARD HAUSSMANN;;;;750
201400052946;14;7;2;730;1;2;5;1.0;3;108;COURS LA REINE;;;;750
201400052952;14;7;6;1405;1;2;2;3.0;6;108;RUE BALZAC;;;;750
201400052954;14;7;8;1900;1;2;1;2.0;3;108;PLACE DE LA CONCORDE;;;;750
201400052965;14;7;22;1350;1;2;2;1.0;3;108;01, AVENUE MYRON HERRICK;;;;750
201400052970;14;7;30;1310;1;2;7;1.0;3;108;PLACE DE LA CONCORDE;;;;750
201400052981;14;8;13;2015;1;2;5;8.0;2;108;RUE DU FAUBOURG SAINT HO;;;;750
201400052995;14;8;30;1815;1;2;7;1.0;6;108;PLACE DE LA CONCORDE;;;;750
201400053006;14;9;13;1700;1;2;7;1.0;6;108;5, PLACE DE DUBLIN;;;;750
201400053010;14;9;16;2015;1;2;1;1.0;6;108;25, RUE DE PONTHIEU;;;;750
201400053020;14;9;27;920;1;2;7;1.0;6;108;PLACE DE L ALMA;;;;750
201400053021;14;9;27;1430;1;2;2;1.0;3;108;34, RUE PASQUIER;;;;750
201400053023;14;9;29;745;2;2;1;1.0;7;108;23, RUE DE SAINT PETERSB;;;;750
201400053029;14;10;1;1845;1;2;1;7.0;2;108;6, PLACE DE LA CONCORDE;;;;750
201400053040;14;10;7;1900;5;2;1;1.0;2;108;7, RUE DU FAUBOURG SAINT;;;;750
201400053048;14;10;15;1245;1;2;7;2.0;3;108;1, PLACE DE LA CONCORDE;;;;750
201400053056;14;10;19;1945;5;2;7;1.0;3;108;4, PLACE DE LA CONCORDE;;;;750
201400053064;14;10;24;1330;1;2;1;1.0;4;108;69, RUE DE COURCELLES;;;;750
201400053065;14;10;29;1505;1;2;1;1.0;3;108;52, RUE DE LA BIENFAISAN;;;;750
201400053066;14;10;30;1020;1;2;7;1.0;3;108;PLACE DE LA CONCORDE;;;;750
201400053078;14;11;10;1940;5;2;7;1.0;3;108;AVENUE GENERAL EISENHOWE;;;;750
201400053123;14;12;12;800;1;2;1;2.0;3;108;51, RUE DE COURCELLES;;;;750
201400053127;14;12;16;40;5;2;2;1.0;3;108;COURS LA REINE;;;;750
201400053150;14;1;17;230;5;2;3;1.0;3;109;16, RUE DU FAUBOURG MONT;;;;750
201400053164;14;2;6;825;1;2;1;1.0;6;109;106, RUE D AMSTERDAM;;;;750
201400053167;14;2;11;1930;5;2;1;2.0;2;109;35, RUE DE MAUBEUGE;;;;750
201400053185;14;3;20;1710;1;2;7;1.0;6;109;32, RUE NOTRE DAME DE LO;;;;750
201400053192;14;4;4;920;1;2;1;1.0;6;109;155, BOULEVARD DE MAGENT;;;;750
201400053198;14;4;15;935;1;2;1;1.0;2;109;102, RUE SAINT LAZARE;;;;750
201400053203;14;4;27;220;5;2;1;1.0;6;109;20, BOULEVARD MONTMARTRE;;;;750
201400053223;14;6;12;1750;1;2;2;1.0;2;109;14, RUE DE CAUMARTIN;;;;750
201400053225;14;6;16;1820;1;2;3;1.0;6;109;26, RUE D AMSTERDAM;;;;750
201400053226;14;6;18;1235;1;2;3;1.0;7;109;2, RUE SAINT LAZARE;;;;750
201400053244;14;8;16;1500;1;2;2;1.0;3;109;2, BOULEVARD POISSONNIER;;;;750
201400053261;14;9;29;2100;5;2;5;2.0;3;109;13 bis, RUE DES MATHURIN;;;;750
201400053263;14;10;1;1735;1;2;1;1.0;3;109;RUE DE PROVENCE;;;;750
201400053266;14;10;7;1155;1;2;1;8.0;2;109;26, RUE SAINT GEORGES;;;;750
201400053267;14;10;7;1240;1;2;7;1.0;2;109;PLACE DE CLICHY;;;;750
201400053272;14;10;20;900;1;2;2;1.0;6;109;66, RUE LA FAYETTE;;;;750
201400053289;14;11;23;1950;5;2;2;1.0;3;109;8, BOULEVARD HAUSSMANN;;;;750
201400053310;14;1;5;1420;1;2;1;1.0;3;110;99, BOULEVARD DE MAGENTA;;;;750
201400053328;14;1;31;1330;1;2;1;1.0;2;110;RUE DU FAUBOURG SAINT MA;;;;750
201400053337;14;2;14;2045;5;2;4;1.0;6;110;4, RUE DU CHATEAU LANDON;;;;750
201400053342;14;2;18;1530;1;2;7;1.0;6;110;2, PLACE JACQUES BONSERG;;;;750
201400053354;14;3;13;1915;5;2;1;1.0;6;110;119, BOULEVARD DE MAGENT;;;;750
201400053356;14;3;17;1850;5;2;1;1.0;3;110;230, RUE LA FAYETTE;;;;750
201400053372;14;4;8;2115;5;2;1;1.0;2;110;70, QUAI DE JEMMAPES;;;;750
201400053373;14;4;11;920;1;2;1;1.0;7;110;66, RUE DU CHATEAU D EAU;;;;750
201400053374;14;4;14;1530;1;2;4;1.0;1;110;34, BOULEVARD DE MAGENTA;;;;750
201400053375;14;4;14;1645;1;2;4;1.0;6;110;77, BOULEVARD DE MAGENTA;;;;750
201400053376;14;4;15;1000;2;2;1;1.0;2;110;2, BOULEVARD DE STRASBOU;;;;750
201400053384;14;5;2;1410;1;2;5;2.0;1;110;12, RUE BEAUREPAIRE;;;;750
201400053406;14;6;6;1920;1;2;1;1.0;3;110;228, RUE DU FAUBOURG SAI;;;;750
201400053416;14;6;15;1700;1;2;1;1.0;2;110;207, RUE DU FAUBOURG SAI;;;;750
201400053417;14;6;15;1830;1;2;1;1.0;2;110;228, RUE DU FAUBOURG SAI;;;;750
201400053419;14;6;17;930;1;2;1;1.0;3;110;19, AVENUE CLAUDE VELLEF;;;;750
201400053422;14;6;25;820;1;2;1;1.0;6;110;42, RUE DES PETITES ECUR;;;;750
201400053423;14;6;26;1550;1;2;1;7.0;1;110;21, RUE DE DUNKERQUE;;;;750
201400053434;14;7;15;1030;1;2;1;1.0;3;110;03, RUE PHILIPPE DE GIRA;;;;750
201400053438;14;7;18;920;1;2;2;1.0;3;110;133, RUE DU FAUBOURG SAI;;;;750
201400053441;14;7;22;1000;1;2;3;1.0;1;110;52, RUE LOUIS BLANC;;;;750
201400053444;14;7;24;2230;5;2;5;1.0;3;110;89 TER, BOULEVARD DE LA;;;;750
201400053446;14;7;27;236;5;2;2;1.0;6;110;36, QUAI DE JEMMAPES;;;;750
201400053449;14;7;29;1015;1;2;2;1.0;3;110;211, RUE LA FAYETTE;;;;750
201400053453;14;8;6;108;1;2;1;1.0;6;110;103, BOULEVARD DE MAGENT;;;;750
201400053455;14;8;13;110;5;2;2;1.0;3;110;55, BOULEVARD DE STRASBO;;;;750
201400053470;14;9;12;1510;1;2;2;1.0;6;110;2, BOULEVARD DE STRASBOU;;;;750
201400053471;14;9;13;1430;1;2;3;1.0;4;110;43, RUE DU FAUBOURG SAIN;;;;750
201400053479;14;9;20;1435;1;2;2;1.0;6;110;230 bis, RUE DU FAUBOURG;;;;750
201400053481;14;9;22;925;1;2;2;1.0;3;110;0, RUE DU FAUBOURG SAINT;;;;750
201400053482;14;9;25;905;1;2;2;1.0;1;110;2, RUE EUGENE VARLIN;;;;750
201400053485;14;9;26;1915;2;2;2;1.0;6;110;38, RUE LOUIS BLANC;;;;750
201400053490;14;10;7;1900;2;2;3;1.0;6;110;281, BOULEVARD DE MAGENT;;;;750
201400053493;14;10;9;1900;5;2;1;2.0;2;110;66, AVENUE CLAUDE VELLEF;;;;750
201400053502;14;10;17;1000;1;2;2;1.0;3;110;179, QUAI DE VALMY;;;;750
201400053508;14;10;30;825;1;2;2;1.0;3;110;72, RUE DU FAUBOURG SAIN;;;;750
201400053518;14;11;5;1825;5;2;1;1.0;3;110;52, RUE DES PETITES ECUR;;;;750
201400053522;14;11;10;1540;1;2;1;1.0;6;110;142, BOULEVARD DE MAGENT;;;;750
201400053529;14;11;19;1600;1;2;1;1.0;6;110;210, RUE SAINT MAUR;;;;750
201400053534;14;11;24;1915;5;2;1;1.0;6;110;68, RUE DU CHATEAU D EAU;;;;750
201400053535;14;11;26;1050;1;2;3;1.0;6;110;204, RUE SAINT MAUR;;;;750
201400053559;14;12;29;1725;5;2;1;1.0;2;110;46, BOULEVARD DE STRASBO;;;;750
201400053564;14;1;8;1340;1;2;2;1.0;3;111;32, RUE FAIDHERBE;;;;750
201400053568;14;1;11;1610;1;2;1;1.0;1;111;21, RUE DE LA ROQUETTE;;;;750
201400053574;14;1;17;950;1;2;3;1.0;3;111;29, RUE RICHARD LENOIR;;;;750
201400053575;14;1;17;1425;1;2;2;1.0;6;111;28, BOULEVARD BEAUMARCHA;;;;750
201400053585;14;1;24;2125;5;2;5;8.0;3;111;37, BOULEVARD DE BELLEVI;;;;750
201400053592;14;2;3;2040;5;2;1;1.0;3;111;169, RUE DE LA ROQUETTE;;;;750
201400053597;14;2;8;2332;5;2;7;1.0;6;111;PLACE DE LA REPUBLIQUE;;;;750
201400053602;14;2;12;1420;1;2;3;1.0;2;111;71, BOULEVARD DE BELLEVI;;;;750
201400053616;14;2;28;1420;1;2;1;1.0;2;111;110, RUE AMELOT;;;;750
201400053625;14;3;7;840;1;2;3;1.0;3;111;79, AVENUE DE LA REPUBLI;;;;750
201400053632;14;3;11;825;1;2;3;1.0;6;111;19, BOULEVARD DE BELLEVI;;;;750
201400053645;14;3;28;900;1;2;1;1.0;6;111;65, BOULEVARD RICHARD LE;;;;750
201400053647;14;3;31;1735;1;2;2;1.0;7;111;237, RUE DU FAUBOURG SAI;;;;750
201400053649;14;4;4;2040;5;2;1;2.0;6;111;139, BOULEVARD DE MENILM;;;;750
201400053670;14;4;23;735;1;2;1;1.0;3;111;90, BOULEVARD BEAUMARCHA;;;;750
201400053671;14;4;23;1810;1;2;3;1.0;6;111;99, AVENUE DE LA REPUBLI;;;;750
201400053677;14;4;29;1130;1;2;6;1.0;2;111;130, BOULEVARD VOLTAIRE;;;;750
201400053690;14;5;5;1945;1;2;2;1.0;3;111;182, BOULEVARD VOLTAIRE;;;;750
201400053706;14;5;19;1005;1;2;1;1.0;3;111;35, RUE AMELOT;;;;750
201400053711;14;5;22;1555;1;2;1;1.0;2;111;149, AVENUE LEDRU ROLLIN;;;;750
201400053712;14;5;22;2025;1;2;1;1.0;6;111;44, RUE DE MONTREUIL;;;;750
201400053726;14;6;5;10;5;2;5;1.0;3;111;131, BOULEVARD RICHARD L;;;;750
201400053729;14;6;8;1425;1;2;7;1.0;3;111;2, BOULEVARD BEAUMARCHAI;;;;750
201400053732;14;6;13;845;1;2;5;1.0;6;111;87, RUE JEAN PIERRE TIMB;;;;750
201400053736;14;6;17;700;1;2;2;1.0;3;111;135, BOULEVARD VOLTAIRE;;;;750
201400053739;14;6;18;815;1;2;7;1.0;3;111;6, PLACE LEON BLUM;;;;750
201400053741;14;6;18;1945;2;2;1;1.0;3;111;167, RUE SAINT MAUR;;;;750
201400053742;14;6;19;1840;1;2;2;1.0;6;111;99, RUE DU FAUBOURG SAIN;;;;750
201400053744;14;6;23;1940;1;2;2;1.0;2;111;97, RUE DU FAUBOURG SAIN;;;;750
201400053746;14;6;26;1305;1;2;7;1.0;3;111;3, PLACE LEON BLUM;;;;750
201400053750;14;6;29;1430;1;2;2;2.0;3;111;20, AVENUE PHILIPPE AUGU;;;;750
201400053754;14;7;3;1130;1;2;1;1.0;3;111;54, RUE DU CHEMIN VERT;;;;750
201400053763;14;7;14;1110;1;2;1;1.0;3;111;127, RUE DE LA ROQUETTE;;;;750
201400053764;14;7;15;1230;1;2;1;1.0;2;111;106, AVENUE PHILIPPE AUG;;;;750
201400053767;14;7;19;1850;1;2;7;1.0;6;112;2, AVENUE DU TRONE;;;;750
201400053768;14;7;20;555;2;2;5;2.0;3;111;AVENUE PARMENTIER;;;;750
201400053769;14;7;20;1705;1;2;3;1.0;3;111;76, BOULEVARD VOLTAIRE;;;;750
201400053770;14;7;21;1110;1;2;3;1.0;6;112;238 bis, RUE DU FAUBOURG;;;;750
201400053776;14;7;26;1445;1;2;2;1.0;3;111;28, BOULEVARD BEAUMARCHA;;;;750
201400053778;14;7;29;1900;1;2;3;1.0;3;111;47, RUE DU FAUBOURG SAIN;;;;750
201400053785;14;8;9;2025;2;2;7;1.0;6;111;PLACE DE LA BASTILLE;;;;750
201400053788;14;8;11;1345;1;2;1;1.0;6;111;BOULEVARD JULES FERRY;;;;750
201400053791;14;8;12;1930;1;2;5;2.0;6;111;1, BOULEVARD DE MENILMON;;;;750
201400053794;14;8;20;2100;2;2;5;1.0;6;111;42, BOULEVARD RICHARD LE;;;;750
201400053795;14;8;21;1725;1;2;1;1.0;3;111;123, AVENUE LEDRU ROLLIN;;;;750
201400053804;14;9;6;1915;1;2;1;1.0;7;111;49, AVENUE DE LA REPUBLI;;;;750
201400053810;14;9;9;2355;5;2;2;1.0;6;111;RUE DE CHARONNE;;;;750
201400053820;14;9;15;1900;1;2;7;1.0;2;111;4, PLACE LEON BLUM;;;;750
201400053822;14;9;16;1525;1;2;1;1.0;3;111;1, AVENUE PARMENTIER;;;;750
201400053831;14;9;25;1950;2;2;7;1.0;3;111;8, PLACE DE LA REPUBLIQU;;;;750
201400053833;14;9;26;805;1;2;5;1.0;2;111;143, RUE DU FAUBOURG SAI;;;;750
201400053834;14;9;26;1600;1;2;5;1.0;2;111;41, AVENUE DE LA REPUBLI;;;;750
201400053837;14;9;28;1515;1;2;1;1.0;2;111;9, RUE DE LA FONTAINE AU;;;;750
201400053838;14;9;28;1700;1;2;2;1.0;6;111;115, RUE DU CHEMIN VERT;;;;750
201400053841;14;10;1;730;1;2;7;1.0;3;111;8, PLACE DE LA REPUBLIQU;;;;750
201400053858;14;10;16;1735;1;2;2;1.0;6;111;31, RUE SAINT MAUR;;;;750
201400053872;14;10;31;1005;1;2;1;1.0;2;111;95, BOULEVARD VOLTAIRE;;;;750
201400053875;14;11;2;250;5;2;2;1.0;3;111;23, BOULEVARD VOLTAIRE;;;;750
201400053878;14;11;4;1820;5;2;1;1.0;6;111;3, PLACE LEON BLUM;;;;750
201400053892;14;11;24;1830;5;2;1;1.0;2;111;95, BOULEVARD RICHARD LE;;;;750
201400053893;14;11;24;1910;5;2;1;1.0;2;111;143, BOULEVARD VOLTAIRE;;;;750
201400053902;14;11;30;625;5;2;1;1.0;7;111;177, RUE DE CHARONNE;;;;750
201400053904;14;12;2;1830;5;2;1;2.0;3;111;20, BOULEVARD RICHARD LE;;;;750
201400053906;14;12;4;1005;1;2;3;1.0;2;111;71, BOULEVARD VOLTAIRE;;;;750
201400053908;14;12;5;840;1;2;1;8.0;5;111;79, AVENUE PHILIPPE AUGU;;;;750
201400053917;14;12;10;2255;5;2;2;8.0;3;111;23, BOULEVARD DE MENILMO;;;;750
201400053925;14;12;16;1400;1;2;3;1.0;3;111;14, RUE FROMENT;;;;750
201400053926;14;12;17;1045;1;2;2;2.0;2;111;35, BOULEVARD VOLTAIRE;;;;750
201400053927;14;12;17;2250;3;2;4;2.0;2;111;13, AVENUE DE LA REPUBLI;;;;750
201400053928;14;12;18;935;1;2;1;8.0;2;111;49, RUE AMELOT;;;;750
201400053947;14;1;4;1515;1;2;3;8.0;3;112;AVENUE DE SAINT MAURICE;;;;750
201400053953;14;1;15;1830;5;2;7;2.0;3;112;0, BOULEVARD PONIATOWSKI;;;;750
201400053968;14;1;27;950;1;2;1;1.0;2;112;13, AVENUE DE SAINT MAND;;;;750
201400053977;14;2;1;2000;3;2;7;1.0;6;112;RUE PROUDHON;;;;750
201400053982;14;2;2;1500;1;2;1;1.0;6;112;124, AVENUE DE GRAVELLE;;;;750
201400054001;14;2;24;940;1;2;5;1.0;3;112;88, RUE DE CHARENTON;;;;750
201400054002;14;2;24;1645;1;2;5;1.0;5;112;ROUTE DE BOURDON;;;;750
201400054004;14;2;25;1930;5;2;2;2.0;3;112;AVENUE LEDRU ROLLIN;;;;750
201400054018;14;3;6;1240;1;2;4;1.0;3;112;51, BOULEVARD DE REUILLY;;;;750
201400054023;14;3;12;1520;1;2;3;1.0;1;112;ROUTE DE LA FERME;;;;750
201400054026;14;3;13;1820;2;2;1;1.0;3;112;146, BOULEVARD DIDEROT;;;;750
201400054034;14;3;20;855;1;2;1;1.0;3;112;17, RUE DE LYON;;;;750