Num_Acc;an;mois;jour;hrmn;lum;agg;int;atm;col;com;adr;gps;lat;long;dep
201400054038;14;3;24;1355;1;2;1;8.0;3;112;ROUTE DE LA PYRAMIDE;;;;750
201400054041;14;3;26;940;1;2;1;1.0;2;112;16, AVENUE DU BEL AIR;;;;750
201400054045;14;3;30;1830;1;2;1;1.0;7;112;AVENUE DU TREMBLAY;;;;750
201400054061;14;4;7;1748;1;2;1;1.0;6;112;212, AVENUE DAUMESNIL;;;;750
201400054062;14;4;9;1640;1;2;3;1.0;2;112;1, ROUTE DAUPHINE;;;;750
201400054066;14;4;12;1950;1;2;9;1.0;3;112;QUAI DE BERCY;;;;750
201400054072;14;4;16;1800;1;2;7;1.0;1;112;PLACE DE LA NATION;;;;750
201400054075;14;4;18;1430;1;2;2;1.0;2;112;2, RUE DE RAMBOUILLET;;;;750
201400054076;14;4;19;1410;1;2;5;1.0;6;112;253, AVENUE DAUMESNIL;;;;750
201400054077;14;4;19;1325;1;2;1;1.0;3;112;218, AVENUE DAUMESNIL;;;;750
201400054079;14;4;21;1500;1;2;5;1.0;7;112;21b, BOULEVARD DIDEROT;;;;750
201400054084;14;4;24;1430;1;2;7;1.0;6;112;ROUTE DE LA PYRAMIDE;;;;750
201400054085;14;4;24;1550;1;2;7;1.0;2;112;ROUTE DE LA PYRAMIDE;;;;750
201400054102;14;5;5;1905;1;2;1;1.0;6;112;26, RUE MARSOULAN;;;;750
201400054125;14;5;24;1700;1;2;3;3.0;3;112;ROUTE DU PESAGE;;;;750
201400054127;14;5;25;1700;1;2;7;1.0;3;112;CARREFOUR DE CONSERVATIO;;;;750
201400054128;14;5;25;1700;1;2;1;1.0;3;112;32, AVENUE DU GENERAL MI;;;;750
201400054135;14;5;29;1655;1;2;1;1.0;6;112;ROUTE DE CEINTURE DU LAC;;;;750
201400054144;14;6;6;1945;1;2;1;1.0;2;112;ROUTE DE LA PYRAMIDE;;;;750
201400054149;14;6;11;2000;1;2;1;1.0;6;112;00, ROUTE ROYALE DE BEAU;;;;750
201400054155;14;6;14;1625;1;2;1;1.0;3;112;46, AVENUE DES TERROIRS;;;;750
201400054174;14;6;26;205;5;2;7;1.0;3;112;PLACE DE LA BASTILLE;;;;750
201400054175;14;6;26;1030;1;2;1;1.0;6;112;AVENUE DU TREMBLAY;;;;750
201400054176;14;6;26;1620;1;2;1;1.0;2;112;72, AVENUE DE SAINT MAND;;;;750
201400054182;14;7;3;940;1;2;1;1.0;4;112;/, ROUTE ROYALE DE BEAUT;;;;750
201400054185;14;7;3;1340;1;2;1;1.0;6;112;94, QUAI DE LA RAPEE;;;;750
201400054191;14;7;17;2100;2;2;1;1.0;6;112;AVENUE DAUMESNIL;;;;750
201400054199;14;7;23;2026;1;2;3;1.0;3;112;2, BOULEVARD DIDEROT;;;;750
201400054203;14;7;26;1250;1;2;5;1.0;6;112;AVENUE DAUMESNIL;;;;750
201400054204;14;7;27;1915;1;2;1;1.0;3;112;ROUTE DE BOURDON;;;;750
201400054206;14;7;30;1950;1;2;1;1.0;3;112;., ROUTE DAUPHINE;;;;750
201400054218;14;8;14;1835;1;2;5;1.0;3;112;BOULEVARD SOULT;;;;750
201400054223;14;8;18;1830;1;2;5;1.0;1;112;AVENUE DE SAINT MANDE;;;;750
201400054224;14;8;19;845;1;2;1;1.0;6;112;139, RUE DE BERCY;;;;750
201400054227;14;8;21;915;1;2;1;1.0;6;112;32, RUE BARON LE ROY;;;;750
201400054228;14;8;22;1720;1;2;3;8.0;1;112;32, AVENUE DAUMESNIL;;;;750
201400054236;14;8;31;1610;1;2;3;1.0;2;111;72, RUE DU FAUBOURG SAIN;;;;750
201400054237;14;9;1;1800;1;2;4;1.0;3;112;293, AVENUE DAUMESNIL;;;;750
201400054238;14;9;3;1500;1;2;2;1.0;7;112;656Bis, AVENUE DAUMESNIL;;;;750
201400054239;14;9;3;2100;4;2;7;1.0;3;112;ROUTE DE LA PYRAMIDE;;;;750
201400054246;14;9;10;825;1;2;2;1.0;3;112;01, AVENUE DU GENERAL DO;;;;750
201400054249;14;9;11;1335;1;2;2;1.0;3;112;97, BOULEVARD DIDEROT;;;;750
201400054250;14;9;13;1;5;2;1;1.0;3;112;31, RUE DE REUILLY;;;;750
201400054252;14;9;14;1900;1;2;1;1.0;3;112;146, BOULEVARD DIDEROT;;;;750
201400054255;14;9;15;1630;1;2;2;1.0;3;112;BOULEVARD DE BERCY;;;;750
201400054260;14;9;18;1945;1;2;2;1.0;2;112;AVENUE DAUMESNIL;;;;750
201400054262;14;9;19;1030;1;2;4;1.0;2;112;222, RUE DE CHARENTON;;;;750
201400054263;14;9;19;2110;5;2;2;1.0;6;112;131, BOULEVARD DIDEROT;;;;750
201400054267;14;9;23;945;1;2;1;1.0;2;112;20, COURS DE VINCENNES;;;;750
201400054269;14;9;24;1900;2;2;1;2.0;3;112;ROUTE DE LA PYRAMIDE;;;;750
201400054270;14;9;24;2334;5;2;7;1.0;7;112;ESPLANADE SAINT LOUIS;;;;750
201400054272;14;9;25;2000;5;2;2;1.0;3;112;88, BOULEVARD DIDEROT;;;;750
201400054273;14;9;26;915;1;2;7;1.0;3;112;ROUTE DE LA PYRAMIDE;;;;750
201400054274;14;9;27;1700;1;2;4;1.0;1;112;0, AVENUE DES CANADIENS;;;;750
201400054290;14;10;8;750;2;2;2;3.0;2;112;13, AVENUE DAUMESNIL;;;;750
201400054294;14;10;9;15;5;2;1;2.0;2;112;31, AVENUE DAUMESNIL;;;;750
201400054300;14;10;11;1100;1;2;2;1.0;7;112;ROUTE ROYALE DE BEAUTE;;;;750
201400054310;14;10;17;2235;5;2;1;1.0;2;112;71, RUE DE LYON;;;;750
201400054312;14;10;18;1445;1;2;4;1.0;3;112;AVENUE DE LA PORTE DE VI;;;;750
201400054315;14;10;23;1525;1;2;7;1.0;3;112;PLACE DE LA BASTILLE;;;;750
201400054316;14;10;23;1900;5;2;1;1.0;3;112;BOULEVARD PONIATOWSKI;;;;750
201400054323;14;10;27;915;1;2;2;1.0;3;112;131, BOULEVARD DIDEROT;;;;750
201400054331;14;10;31;1210;1;2;1;1.0;6;112;2, PLACE EDOUARD RENARD;;;;750
201400054355;14;11;18;1805;5;2;2;2.0;3;112;273, AVENUE DAUMESNIL;;;;750
201400054385;14;12;9;815;1;2;3;1.0;3;112;42, ALLEE VIVALDI;;;;750
201400054397;14;12;19;840;2;2;1;8.0;6;112;AVENUE DAUMESNIL;;;;750
201400054418;14;1;14;1905;5;2;2;1.0;6;113;96, BOULEVARD DE L HOPIT;;;;750
201400054427;14;1;22;1455;1;2;3;2.0;3;113;RUE DU DOCTEUR BOURNEVIL;;;;750
201400054439;14;2;3;850;1;2;2;1.0;3;113;72, BOULEVARD AUGUSTE BL;;;;750
201400054441;14;2;4;1900;5;2;3;1.0;6;113;18, RUE DE LA GLACIERE;;;;750
201400054448;14;2;14;1905;5;2;3;8.0;3;113;2, RUE JEAN ANTOINE DE B;;;;750
201400054462;14;3;3;1640;1;2;1;8.0;3;113;22, AVENUE PIERRE MENDES;;;;750
201400054464;14;3;6;1440;1;2;1;1.0;3;113;45, RUE BOUSSINGAULT;;;;750
201400054466;14;3;8;1950;5;2;3;1.0;6;113;BOULEVARD AUGUSTE BLANQU;;;;750
201400054467;14;3;11;950;1;2;3;1.0;3;113;56, AVENUE D ITALIE;;;;750
201400054468;14;3;11;2035;5;2;3;1.0;1;113;87, RUE DE TOLBIAC;;;;750
201400054469;14;3;14;1220;1;2;3;1.0;3;113;56, AVENUE D ITALIE;;;;750
201400054475;14;3;20;1725;1;2;3;1.0;3;113;10, RUE NEUVE TOLBIAC;;;;750
201400054478;14;3;24;1155;1;2;1;1.0;2;113;19, RUE DES CINQ DIAMANT;;;;750
201400054480;14;3;28;1645;1;2;5;1.0;6;113;24, RUE REGNAULT;;;;750
201400054510;14;5;7;1825;1;2;3;1.0;6;113;3, BOULEVARD DE L HOPITA;;;;750
201400054515;14;5;13;1435;1;2;3;2.0;3;113;64, BOULEVARD AUGUSTE BL;;;;750
201400054521;14;5;17;1310;1;2;4;1.0;3;113;46, RUE ALBERT;;;;750
201400054522;14;5;17;1850;1;2;1;1.0;3;113;45, BOULEVARD SAINT MARC;;;;750
201400054537;14;5;29;1605;1;2;2;1.0;3;113;39, BOULEVARD DE PORT RO;;;;750
201400054540;14;5;30;2155;5;2;2;1.0;6;113;BOULEVARD VINCENT AURIOL;;;;750
201400054554;14;6;16;850;1;2;1;1.0;2;113;44, RUE DU DESSOUS DES B;;;;750
201400054562;14;6;23;935;1;2;1;1.0;3;113;164, RUE JEANNE D ARC;;;;750
201400054563;14;6;23;1335;1;2;1;1.0;2;113;37, AVENUE D ITALIE;;;;750
201400054565;14;6;24;1940;1;2;2;1.0;3;113;PORTE D ITALIE;;;;750
201400054566;14;6;26;1225;1;2;1;1.0;3;113;55, BOULEVARD DE PORT RO;;;;750
201400054569;14;6;30;1755;2;2;2;1.0;3;113;AVENUE DE LA PORTE D IVR;;;;750
201400054570;14;7;1;755;1;2;1;1.0;6;113;43, QUAI PANHARD ET LEVA;;;;750
201400054591;14;7;23;1700;1;2;5;1.0;3;113;82, BOULEVARD MASSENA;;;;750
201400054593;14;7;25;103;5;2;1;1.0;3;113;162, AVENUE D ITALIE;;;;750
201400054601;14;8;1;1920;1;2;2;1.0;4;113;207, RUE DE TOLBIAC;;;;750
201400054604;14;8;7;230;5;2;5;8.0;3;113;188, RUE DE TOLBIAC;;;;750
201400054619;14;8;29;1250;1;2;7;1.0;6;113;30, PLACE D ITALIE;;;;750
201400054623;14;9;6;1912;1;2;2;1.0;6;113;20bis, BOULEVARD ARAGO;;;;750
201400054629;14;9;12;855;1;2;1;1.0;6;113;72, BOULEVARD MASSENA;;;;750
201400054631;14;9;12;2130;5;2;3;1.0;3;113;18, RUE DE TOLBIAC;;;;750
201400054636;14;9;19;1200;1;2;7;1.0;3;113;12, PLACE D ITALIE;;;;750
201400054644;14;9;23;150;5;2;1;1.0;6;113;106, AVENUE D ITALIE;;;;750
201400054660;14;10;2;800;1;2;3;1.0;3;113;45, BOULEVARD VINCENT AU;;;;750
201400054675;14;10;13;1910;2;2;7;1.0;2;113;41, RUE ESQUIROL;;;;750
201400054677;14;10;14;1555;1;2;1;1.0;6;113;68, RUE NATIONALE;;;;750
201400054688;14;10;23;2020;5;2;2;1.0;3;113;39, BOULEVARD SAINT MARC;;;;750
201400054691;14;10;30;1430;1;2;2;1.0;3;113;121, AVENUE D ITALIE;;;;750
201400054700;14;11;4;1230;1;2;1;1.0;6;113;114, AVENUE D ITALIE;;;;750
201400054702;14;11;5;1445;1;2;3;1.0;3;113;17, BOULEVARD KELLERMANN;;;;750
201400054716;14;11;24;855;1;2;3;2.0;2;113;18, BOULEVARD ARAGO;;;;750
201400054723;14;12;2;710;5;2;1;1.0;6;113;134, AVENUE D ITALIE;;;;750
201400054731;14;12;13;535;5;2;5;2.0;3;113;0, BOULEVARD MASSENA;;;;750
201400054738;14;12;20;2215;5;2;2;1.0;6;113;117 BD VINCENT AURIOL;;;;750
201400054745;14;1;9;2010;5;2;3;1.0;3;114;172, AVENUE DU MAINE;;;;750
201400054766;14;2;2;1755;5;2;3;1.0;7;114;101, BOULEVARD JOURDAN;;;;750
201400054769;14;2;3;1920;5;2;1;1.0;3;114;128, RUE DU CHATEAU;;;;750
201400054772;14;2;5;2300;5;2;2;1.0;2;114;, RUE RAYMOND LOSSERAND;;;;750
201400054785;14;2;25;925;1;2;2;1.0;3;114;BOULEVARD ROMAIN ROLLAND;;;;750
201400054793;14;3;7;1800;1;2;3;1.0;3;114;63, AVENUE DENFERT ROCHE;;;;750
201400054798;14;3;17;840;1;2;3;8.0;3;114;63, AVENUE DENFERT ROCHE;;;;750
201400054803;14;3;21;1845;2;2;2;1.0;6;114;44, RUE DIDOT;;;;750
201400054807;14;3;27;1015;1;2;3;1.0;3;114;250, BOULEVARD RASPAIL;;;;750
201400054809;14;3;30;1815;1;2;1;1.0;2;114;44, RUE DE GERGOVIE;;;;750
201400054812;14;4;7;810;1;2;1;1.0;7;114;23, RUE DU PERE CORENTIN;;;;750
201400054814;14;4;7;1900;1;2;1;2.0;7;114;103, AVENUE DU GENERAL L;;;;750
201400054817;14;4;9;1430;1;2;3;1.0;3;114;70, BOULEVARD DU MONTPAR;;;;750
201400054823;14;4;23;1015;1;2;4;1.0;3;114;165, AVENUE DU MAINE;;;;750
201400054839;14;5;15;1435;1;2;1;1.0;6;114;12, RUE DIDOT;;;;750
201400054841;14;5;17;1450;1;2;2;1.0;3;114;33, AVENUE ERNEST REYER;;;;750
201400054844;14;5;19;2010;1;2;2;1.0;2;114;43, AVENUE DU GENERAL LE;;;;750
201400054857;14;6;4;930;1;2;3;2.0;3;114;5, AVENUE DU GENERAL LEC;;;;750
201400054858;14;6;4;1820;1;2;1;1.0;3;114;7, RUE DE CHATILLON;;;;750
201400054864;14;6;11;1414;1;2;2;1.0;3;114;53, AVENUE DE L OBSERVAT;;;;750
201400054868;14;6;13;1640;1;2;1;1.0;6;114;46, AVENUE REILLE;;;;750
201400054884;14;6;27;1810;1;2;1;1.0;2;114;11, AVENUE RENE COTY;;;;750
201400054893;14;7;5;1800;1;2;1;1.0;3;114;100, AVENUE DU GENERAL L;;;;750
201400054894;14;7;6;315;5;2;3;1.0;7;114;71, RUE D ALESIA;;;;750
201400054902;14;7;23;1950;1;2;2;1.0;3;114;7, BOULEVARD JOURDAN;;;;750
201400054903;14;7;25;210;5;2;1;1.0;7;114;117-119, BOULEVARD BRUNE;;;;750
201400054914;14;8;16;1155;1;2;3;1.0;2;114;168, AVENUE DU MAINE;;;;750
201400054919;14;8;28;1455;1;2;3;8.0;6;114;21, RUE DE CHATILLON;;;;750
201400054923;14;8;31;2030;5;2;1;1.0;1;114;11, RUE D ALESIA;;;;750
201400054924;14;9;2;1805;1;2;5;1.0;3;114;27, RUE DU DEPART;;;;750
201400054929;14;9;6;15;5;2;5;1.0;3;114;232, BOULEVARD RASPAIL;;;;750
201400054937;14;9;14;1730;1;2;1;1.0;7;114;42, BOULEVARD JOURDAN;;;;750
201400054941;14;9;24;1015;1;2;2;1.0;2;114;81, BOULEVARD BRUNE;;;;750
201400054944;14;9;25;1730;1;2;1;1.0;6;107;5, AVENUE DE VILLARS;;;;750
201400054945;14;9;25;1840;1;2;5;1.0;2;114;1, BOULEVARD BRUNE;;;;750
201400054948;14;10;3;800;1;2;7;1.0;3;114;PLACE DENFERT ROCHEREAU;;;;750
201400054955;14;10;12;1150;1;2;1;1.0;2;114;125, BOULEVARD BRUNE;;;;750
201400054959;14;10;19;620;5;2;1;1.0;1;114;176, RUE D ALESIA;;;;750
201400054960;14;10;19;1940;3;2;3;1.0;3;114;20, AVENUE DU GENERAL LE;;;;750
201400054963;14;10;23;900;1;2;2;1.0;5;114;1, BOULEVARD DU MONTPARN;;;;750
201400054971;14;11;4;845;1;2;7;8.0;3;114;RUE DU CHATEAU;;;;750
201400054985;14;11;21;550;5;2;1;1.0;6;114;5 bis, RUE D ALESIA;;;;750
201400054990;14;11;26;2100;5;2;1;1.0;7;114;105, BOULEVARD JOURDAN;;;;750
201400055002;14;12;9;1240;1;2;3;1.0;6;114;8, RUE MAURICE BOUCHOR;;;;750
201400055003;14;12;9;1325;1;2;1;1.0;3;114;7, BOULEVARD JOURDAN;;;;750
201400055006;14;12;10;840;1;2;5;2.0;3;114;54, BOULEVARD EDGAR QUIN;;;;750
201400055017;14;12;18;1955;5;2;1;1.0;4;114;18, RUE DES PLANTES;;;;750
201400055084;14;3;2;1030;1;2;2;2.0;3;115;105, RUE DE LOURMEL;;;;750
201400055090;14;3;11;1250;1;2;2;1.0;6;115;2, RUE DU COMMERCE;;;;750
201400055091;14;3;11;1420;1;2;1;1.0;3;115;PONT DE GRENELLE;;;;750
201400055103;14;3;20;1535;1;2;5;1.0;3;115;68, BOULEVARD PASTEUR;;;;750
201400055115;14;4;2;1630;1;2;3;1.0;3;115;85, AVENUE DE SEGUR;;;;750
201400055131;14;4;19;2140;5;2;1;1.0;2;115;24, RUE DU COLONEL PIERR;;;;750
201400055137;14;4;27;2210;5;2;2;1.0;2;115;135, RUE DE LA CONVENTIO;;;;750
201400055145;14;5;1;1950;2;2;1;2.0;3;115;121, BOULEVARD DE GRENEL;;;;750
201400055151;14;5;10;1200;1;2;1;2.0;3;115;58, BOULEVARD PASTEUR;;;;750
201400055174;14;6;10;940;1;2;1;1.0;3;115;55, RUE DES MORILLONS;;;;750
201400055190;14;6;20;1720;1;2;2;1.0;3;115;1, RUE GASTON DE CAILLAV;;;;750
201400055192;14;6;21;1550;1;2;1;1.0;3;115;47, RUE DE VOUILLE;;;;750
201400055195;14;6;24;1015;1;2;1;1.0;2;115;55, RUE DE DANTZIG;;;;750
201400055196;14;6;25;2030;2;2;2;1.0;6;115;41, QUAI ANDRE CITROEN;;;;750
201400055197;14;6;27;1450;1;2;1;1.0;6;115;165, RUE DE JAVEL;;;;750
201400055198;14;6;27;1505;1;2;1;1.0;7;115;9, RUE CAMBRONNE;;;;750
201400055220;14;8;5;1755;1;2;1;1.0;7;115;45, BOULEVARD LEFEBVRE;;;;750
201400055229;14;8;22;1405;1;2;1;1.0;2;115;21, RUE DESAIX;;;;750
201400055243;14;9;8;700;1;2;1;1.0;3;115;39, QUAI DE GRENELLE;;;;750
201400055247;14;9;9;1620;1;2;1;1.0;6;115;2, RUE LECOURBE;;;;750
201400055262;14;9;24;204;5;2;2;1.0;3;115;RUE DE VAUGIRARD;;;;750
201400055263;14;9;24;1035;1;2;2;1.0;6;115;346, RUE LECOURBE;;;;750
201400055264;14;9;24;1825;1;2;1;1.0;6;115;79, RUE DU COMMERCE;;;;750
201400055276;14;10;1;1530;1;2;1;1.0;6;115;104, RUE LECOURBE;;;;750
201400055277;14;10;1;2150;3;2;1;1.0;3;115;44, RUE LINOIS;;;;750
201400055279;14;10;2;1300;1;2;1;1.0;3;115;PONT DE GRENELLE;;;;750
201400055288;14;10;11;1745;1;2;4;1.0;7;115;53, BOULEVARD DE GRENELL;;;;750
201400055289;14;10;9;1530;1;2;3;1.0;3;115;90, RUE DE LA CROIX NIVE;;;;750
201400055292;14;10;15;1700;1;2;2;8.0;6;115;RUE DES ENTREPRENEURS;;;;750
201400055299;14;10;22;1455;1;2;3;1.0;2;115;1, AVENUE ERNEST RENAN;;;;750
201400055301;14;10;25;1510;1;2;1;2.0;6;107;QUAI BRANLY;;;;750
201400055310;14;10;30;2325;5;2;2;1.0;3;115;274, RUE LECOURBE;;;;750
201400055349;14;12;10;1145;1;2;7;8.0;1;115;4, PLACE DE BRETEUIL;;;;750
201400055350;14;12;10;1345;1;2;1;2.0;6;115;52, RUE DE LA CROIX NIVE;;;;750
201400055358;14;12;16;840;2;2;2;2.0;6;115;39, RUE DE LA PROCESSION;;;;750
201400055368;14;12;24;958;1;2;1;1.0;6;115;66, AVENUE EMILE ZOLA;;;;750
201400055418;14;2;5;1510;1;2;2;2.0;3;116;AVENUE DE NEW YORK;;;;750
201400055437;14;2;24;1300;1;2;4;1.0;6;116;0, ROUTE DES TRIBUNES;;;;750
201400055445;14;3;5;1200;1;2;2;1.0;3;116;64, AVENUE DE NEW YORK;;;;750
201400055450;14;3;6;1900;5;2;1;1.0;3;116;30, AVENUE D IENA;;;;750
201400055452;14;3;8;1615;1;2;2;1.0;2;116;ROUTE DE SEVRES A NEUILL;;;;750
201400055453;14;3;9;1830;1;2;1;1.0;6;116;65 bis, RUE NICOLO;;;;750
201400055480;14;3;26;915;1;2;7;1.0;2;116;104, AVENUE GEORGES LAFO;;;;750
201400055487;14;3;28;1855;2;2;1;1.0;2;116;69, RUE D AUTEUIL;;;;750
201400055494;14;4;6;930;1;2;7;1.0;3;116;5, PLACE DE LA PORTE DE;;;;750
201400055495;14;4;6;1130;1;2;1;1.0;3;116;ROUTE DES TRIBUNES;;;;750
201400055500;14;4;8;1225;1;2;1;1.0;2;116;13, AVENUE D EYLAU;;;;750
201400055509;14;4;10;1430;1;2;7;1.0;3;116;AVENUE VICTOR HUGO;;;;750
201400055514;14;4;13;845;1;2;2;1.0;5;116;ALLEE DE LONGCHAMP;;;;750
201400055517;14;4;16;1000;1;2;1;7.0;2;116;9 bis, RUE DE BOULAINVIL;;;;750
201400055530;14;4;26;1720;1;2;3;1.0;3;116;88, RUE CHARDON LAGACHE;;;;750
201400055531;14;4;27;1235;1;2;1;1.0;4;116;ROUTE DES TRIBUNES;;;;750
201400055535;14;4;28;1815;1;2;5;1.0;3;116;AVENUE DU PRESIDENT KENN;;;;750
201400055539;14;5;3;230;5;2;1;1.0;6;116;14, SQUARE ALBONI;;;;750
201400055540;14;5;3;1020;1;2;1;1.0;7;116;ROUTE DES TRIBUNES;;;;750
201400055542;14;5;4;1140;1;2;1;1.0;6;116;ROUTE DES TRIBUNES;;;;750
201400055553;14;5;11;1115;1;2;1;2.0;6;116;ROUTE DES TRIBUNES;;;;750
201400055561;14;5;17;1700;1;2;5;1.0;2;116;33, AVENUE DU PRESIDENT;;;;750
201400055568;14;5;23;1530;1;2;1;1.0;3;116;38, QUAI LOUIS BLERIOT;;;;750
201400055574;14;5;27;1600;1;2;7;1.0;2;116;AVENUE DU PRESIDENT WILS;;;;750
201400055584;14;6;5;1914;1;2;3;1.0;3;116;ROUTE DES TRIBUNES;;;;750
201400055585;14;6;6;1005;1;2;5;1.0;6;116;62, AVENUE DE NEW YORK;;;;750
201400055597;14;6;11;1825;1;2;1;1.0;7;116;00, ROUTE DE LA GRANDE C;;;;750
201400055599;14;6;13;2020;1;2;1;1.0;6;116;ROUTE DES TRIBUNES;;;;750
201400055602;14;6;11;1620;1;2;2;1.0;2;116;AVENUE DU PRESIDENT WILS;;;;750
201400055603;14;6;15;1805;1;2;2;1.0;3;116;ALLEE DE LONGCHAMP;;;;750
201400055605;14;6;16;1820;1;2;3;1.0;2;116;4, RUE GUSTAVE NADAUD;;;;750
201400055614;14;6;22;1825;1;2;7;1.0;3;116;PLACE DE VARSOVIE;;;;750
201400055616;14;6;25;1130;1;2;1;1.0;6;116;62, RUE RAYNOUARD;;;;750
201400055634;14;7;3;2200;2;2;1;1.0;2;116;ROUTE DES TRIBUNES;;;;750
201400055649;14;7;17;1840;1;2;5;1.0;3;116;AVENUE KLEBER;;;;750
201400055654;14;7;20;1110;1;2;1;1.0;6;116;0, ROUTE DES TRIBUNES;;;;750
201400055657;14;7;28;1012;1;2;7;1.0;3;116;6, PLACE D IENA;;;;750
201400055663;14;8;1;1940;1;2;4;1.0;3;116;PLACE DE LA PORTE MAILLO;;;;750
201400055671;14;8;22;1730;1;2;1;1.0;3;116;74, AVENUE VICTOR HUGO;;;;750
201400055683;14;9;3;920;1;2;5;1.0;3;116;24, BOULEVARD EXELMANS;;;;750
201400055685;14;9;5;900;1;2;3;1.0;3;116;133bis, AVENUE DE VERSAI;;;;750
201400055711;14;9;19;1800;1;2;1;1.0;7;116;AVENUE ALBERT DE MUN;;;;750
201400055718;14;9;24;2240;5;2;7;1.0;7;116;PLACE CLEMENT ADER;;;;750
201400055724;14;9;29;1415;1;2;1;1.0;6;116;15, AVENUE VICTOR HUGO;;;;750
201400055728;14;9;30;1900;1;2;1;1.0;5;116;2, ROUTE DES TRIBUNES;;;;750
201400055731;14;10;2;1310;1;2;4;1.0;4;116;ROUTE DE SEVRES A NEUILL;;;;750
201400055741;14;10;8;1745;2;2;1;2.0;2;116;ROUTE DE SEVRES A NEUILL;;;;750
201400055746;14;10;11;2030;5;2;3;1.0;3;116;98, AVENUE HENRI MARTIN;;;;750
201400055761;14;10;16;2055;5;2;7;2.0;3;116;1, PLACE DE L ALMA;;;;750
201400055764;14;10;19;1250;1;2;1;1.0;2;116;ROUTE DES TRIBUNES;;;;750
201400055778;14;10;25;1245;1;2;3;1.0;3;116;23, AVENUE VICTOR HUGO;;;;750
201400055779;14;10;26;1145;1;2;1;1.0;3;116;ROUTE DE SURESNES;;;;750
201400055781;14;10;27;840;1;2;5;1.0;6;116;RUE DE PASSY;;;;750
201400055792;14;11;5;1345;1;2;4;1.0;3;116;AVENUE DE LA PORTE D AUT;;;;750
201400055809;14;11;18;1700;2;2;4;2.0;3;116;PLACE DE LA PORTE MAILLO;;;;750
201400055818;14;11;23;1600;1;2;1;1.0;6;116;113, RUE DE LA TOUR;;;;750
201400055831;14;11;29;1500;1;2;3;1.0;6;116;33, RUE GROS;;;;750
201400055839;14;12;4;1515;1;2;1;1.0;6;116;58, RUE DE PASSY;;;;750
201400055845;14;12;8;1030;1;2;7;2.0;3;116;PORTE D AUTEUIL;;;;750
201400055855;14;12;15;1805;5;2;7;2.0;3;116;01, PLACE DU TROCADERO E;;;;750
201400055876;14;1;16;1300;1;2;5;2.0;3;116;ROUTE DE LA PTE DAUPHINE;;;;750
201400055911;14;2;3;1820;5;2;1;1.0;6;117;8, RUE SAUFFROY;;;;750
201400055913;14;2;5;1915;5;2;1;2.0;4;117;118, RUE DE COURCELLES;;;;750
201400055921;14;2;12;1750;5;2;2;2.0;3;117;126, AVENUE DE CLICHY;;;;750
201400055923;14;2;13;740;2;2;1;2.0;6;117;05, PLACE DE LA PORTE DE;;;;750
201400055941;14;2;27;1555;1;2;1;2.0;2;117;AVENUE DE CLICHY;;;;750
201400055951;14;3;7;830;1;2;7;1.0;6;117;3, PLACE GENERAL CATROUX;;;;750
201400055954;14;3;8;1040;1;2;2;1.0;3;117;17, RUE BROCHANT;;;;750
201400055961;14;3;13;819;1;2;5;1.0;3;117;AVENUE DE LA PORTE D ASN;;;;750
201400055962;14;3;13;1630;1;2;5;1.0;6;117;01, AVENUE DE LA PORTE D;;;;750
201400055971;14;3;25;930;1;2;2;2.0;1;117;AVENUE DES TERNES;;;;750
201400055984;14;4;2;35;5;2;2;1.0;3;117;153, RUE CARDINET;;;;750
201400055986;14;4;8;930;1;2;1;1.0;6;117;137, AVENUE DE VILLIERS;;;;750
201400056009;14;5;2;1115;1;2;2;1.0;3;117;130, RUE CARDINET;;;;750
201400056018;14;5;12;1035;1;2;2;2.0;3;117;38, RUE LEMERCIER;;;;750
201400056048;14;6;4;900;1;2;1;3.0;3;117;96, AVENUE DE VILLIERS;;;;750
201400056051;14;6;6;1315;1;2;3;1.0;3;117;14, BOULEVARD DES BATIGN;;;;750
201400056056;14;6;11;1500;1;2;5;1.0;6;117;AVENUE DE LA PORTE D ASN;;;;750
201400056065;14;6;17;1250;1;2;3;1.0;6;117;11, RUE SAINT FERDINAND;;;;750
201400056070;14;6;20;915;1;2;1;1.0;2;117;75, RUE DE ROME;;;;750
201400056084;14;6;30;950;1;2;1;1.0;2;117;86, AVENUE DE VILLIERS;;;;750
201400056115;14;8;3;217;4;2;5;1.0;6;117;RUE CARDINET;;;;750
201400056119;14;8;5;1440;1;2;1;1.0;3;117;7, AVENUE DES TERNES;;;;750
201400056129;14;8;20;1520;1;2;1;1.0;3;116;62, AVENUE DE NEW YORK;;;;750
201400056153;14;9;15;900;1;2;7;1.0;3;117;PLACE DE LA PORTE MAILLO;;;;750
201400056162;14;9;21;1950;5;2;1;1.0;3;117;92, AVENUE DE VILLIERS;;;;750