Num_Acc;an;mois;jour;hrmn;lum;agg;int;atm;col;com;adr;gps;lat;long;dep
201400056163;14;9;22;910;1;2;3;1.0;3;117;26, RUE EMILE LEVEL;;;;750
201400056166;14;9;23;1010;1;2;1;1.0;2;117;58, BOULEVARD DES BATIGN;;;;750
201400056167;14;9;24;1700;1;2;1;1.0;6;117;28, RUE LEGENDRE;;;;750
201400056171;14;9;30;1530;1;2;1;1.0;2;117;91, BOULEVARD BESSIERES;;;;750
201400056183;14;10;7;2135;5;2;1;1.0;3;117;66, BOULEVARD DU FORT DE;;;;750
201400056186;14;10;9;930;1;2;4;1.0;2;117;17, RUE DU MONT DORE;;;;750
201400056189;14;10;10;1800;1;2;1;1.0;3;117;184, BOULEVARD MALESHERB;;;;750
201400056205;14;10;23;1540;1;2;1;1.0;3;117;34, RUE GUY MOQUET;;;;750
201400056206;14;10;24;1300;1;2;1;1.0;3;117;189, RUE DE COURCELLES;;;;750
201400056211;14;10;31;1445;1;2;1;1.0;6;117;04, BOULEVARD DE COURCEL;;;;750
201400056216;14;11;4;1330;1;2;2;1.0;3;117;64, RUE LEGENDRE;;;;750
201400056218;14;11;4;1700;1;2;3;1.0;2;117;91, AVENUE DE CLICHY;;;;750
201400056250;14;12;7;1550;1;2;1;8.0;3;117;14, BOULEVARD DU FORT DE;;;;750
201400056270;14;12;22;1720;4;2;3;2.0;2;117;BOULEVARD DE L YSER;;;;750
201400056285;14;1;16;1310;1;2;4;2.0;3;118;7, BOULEVARD BARBES;;;;750
201400056292;14;1;25;200;5;2;3;2.0;6;118;74, RUE RIQUET;;;;750
201400056306;14;2;9;1235;1;2;5;8.0;2;118;64, RUE VAUVENARGUES;;;;750
201400056316;14;2;15;140;5;2;5;1.0;3;110;BOULEVARD DE MAGENTA;;;;750
201400056333;14;3;14;1050;1;2;1;1.0;6;118;13, RUE CAVALLOTTI;;;;750
201400056334;14;3;14;2145;5;2;3;1.0;4;118;34, RUE RAMEY;;;;750
201400056344;14;3;25;1145;1;2;5;2.0;2;118;252, RUE CHAMPIONNET;;;;750
201400056351;14;3;27;1105;1;2;1;1.0;3;118;165, RUE BELLIARD;;;;750
201400056399;14;5;15;820;1;2;1;1.0;3;118;156, RUE MARCADET;;;;750
201400056402;14;5;19;1945;1;2;5;1.0;2;118;10, RUE JOSEPH DE MAISTR;;;;750
201400056409;14;5;23;5;5;2;7;1.0;6;118;PLACE ALBERT KAHN;;;;750
201400056418;14;6;2;815;1;2;4;1.0;6;118;RUE ORDENER;;;;750
201400056457;14;7;2;1815;1;2;5;1.0;3;118;AVENUE DE LA PORTE DE SA;;;;750
201400056466;14;7;8;1845;1;2;1;8.0;6;118;37, BOULEVARD BARBES;;;;750
201400056469;14;7;11;2145;5;2;3;1.0;6;118;27, RUE DU DEPARTEMENT;;;;750
201400056470;14;7;12;1035;1;2;3;1.0;6;118;2, RUE ANDRE DEL SARTE;;;;750
201400056478;14;7;20;1555;1;2;3;1.0;3;118;112, BOULEVARD DE LA CHA;;;;750
201400056489;14;8;4;1810;1;2;4;1.0;3;118;32, AVENUE DE LA PORTE D;;;;750
201400056492;14;8;8;1250;1;2;1;2.0;1;118;67, RUE BELLIARD;;;;750
201400056504;14;9;1;1825;1;2;2;1.0;3;118;AVENUE DE LA PORTE DE CL;;;;750
201400056507;14;9;4;1820;1;2;5;1.0;3;118;43, RUE MARCADET;;;;750
201400056512;14;9;12;755;1;2;1;1.0;3;118;120, RUE CAULAINCOURT;;;;750
201400056515;14;9;20;1700;1;2;4;1.0;2;118;10, RUE RONSARD;;;;750
201400056517;14;9;23;1000;1;2;1;1.0;2;118;31, RUE ORDENER;;;;750
201400056522;14;9;26;1825;1;2;2;1.0;3;118;155, RUE ORDENER;;;;750
201400056530;14;10;2;1740;1;2;5;1.0;2;118;83, RUE DAMREMONT;;;;750
201400056531;14;10;3;855;1;2;2;1.0;3;118;15, BOULEVARD ORNANO;;;;750
201400056539;14;10;9;1340;1;2;3;1.0;2;118;190, RUE MARCADET;;;;750
201400056563;14;10;23;1740;1;2;3;1.0;7;118;12, RUE RENE BINET;;;;750
201400056564;14;10;24;1200;1;2;1;1.0;3;118;154, RUE DAMREMONT;;;;750
201400056592;14;11;19;2215;5;2;1;1.0;3;118;90, BOULEVARD NEY;;;;750
201400056594;14;11;21;740;2;2;1;8.0;3;118;80, RUE DE LA CHAPELLE;;;;750
201400056595;14;11;22;530;5;2;2;1.0;6;118;2, BOULEVARD BARBES;;;;750
201400056603;14;11;28;740;2;2;3;1.0;1;118;20, RUE DE L EVANGILE;;;;750
201400056607;14;12;2;1910;5;2;1;2.0;6;118;2, RUE JEAN FRANCOIS LEP;;;;750
201400056616;14;12;14;1450;1;2;2;8.0;2;118;140, BOULEVARD NEY;;;;750
201400056635;14;12;30;1640;2;2;5;1.0;3;118;BOULEVARD ORNANO;;;;750
201400056641;14;1;5;1315;1;2;1;8.0;2;119;PLACE DU COLONEL FABIEN;;;;750
201400056675;14;2;2;310;5;2;1;1.0;6;119;BOULEVARD D INDOCHINE;;;;750
201400056680;14;2;13;900;1;2;1;2.0;3;119;148, BOULEVARD DE LA VIL;;;;750
201400056683;14;2;15;1750;5;2;1;1.0;6;119;44 bis, AVENUE JEAN JAUR;;;;750
201400056710;14;3;10;1045;1;2;1;1.0;3;119;144, AVENUE DE FLANDRE;;;;750
201400056711;14;3;13;1820;1;2;7;1.0;3;119;PLACE DU COLONEL FABIEN;;;;750
201400056719;14;4;3;850;1;2;1;1.0;3;119;32, RUE ARMAND CARREL;;;;750
201400056722;14;4;7;1810;1;2;1;1.0;6;119;7, RUE DE BELLEVILLE;;;;750
201400056759;14;5;8;1215;1;2;2;1.0;3;119;31, AVENUE SECRETAN;;;;750
201400056769;14;5;18;1650;1;2;1;1.0;6;119;88, BOULEVARD DE LA VILL;;;;750
201400056770;14;5;22;830;1;2;1;1.0;2;119;100, AVENUE SIMON BOLIVA;;;;750
201400056771;14;5;22;2220;5;2;1;1.0;2;119;39, RUE RIQUET;;;;750
201400056779;14;6;6;1620;1;2;5;1.0;6;119;31, RUE MANIN;;;;750
201400056786;14;6;13;1950;1;2;1;1.0;6;119;28, AVENUE DE FLANDRE;;;;750
201400056790;14;6;17;800;1;2;1;8.0;3;119;59, AVENUE DE FLANDRE;;;;750
201400056792;14;6;17;1750;1;2;3;1.0;2;119;RUE D AUBERVILLIERS;;;;750
201400056807;14;6;26;2050;1;2;3;2.0;3;119;32, RUE DES ALOUETTES;;;;750
201400056820;14;7;8;1754;1;2;5;8.0;6;119;AVENUE DE FLANDRE;;;;750
201400056830;14;7;17;1956;1;2;1;1.0;3;119;148, BOULEVARD DE LA VIL;;;;750
201400056831;14;7;18;900;1;2;3;1.0;3;119;32, RUE DU DOCTEUR POTAI;;;;750
201400056861;14;8;28;2100;5;2;1;1.0;2;119;195, RUE DE BELLEVILLE;;;;750
201400056862;14;8;31;2005;1;2;1;1.0;6;119;198, BOULEVARD DE LA VIL;;;;750
201400056869;14;9;16;1530;1;2;1;1.0;3;119;AVENUE JEAN JAURES;;;;750
201400056873;14;9;19;1710;1;2;1;1.0;3;119;58, AVENUE DE FLANDRE;;;;750
201400056875;14;9;20;1515;1;2;5;1.0;3;119;92, AVENUE DE FLANDRE;;;;750
201400056877;14;9;23;1110;1;2;2;1.0;2;119;39, RUE DE BELLEVILLE;;;;750
201400056890;14;10;4;2225;5;2;1;1.0;1;119;5, RUE DE L OURCQ;;;;750
201400056902;14;10;16;1905;5;2;2;2.0;6;119;29, AVENUE DE FLANDRE;;;;750
201400056905;14;10;20;2040;5;2;1;2.0;6;119;AVENUE DE FLANDRE;;;;750
201400056919;14;11;6;1845;5;2;3;1.0;6;119;18, RUE LEON GIRAUD;;;;750
201400056941;14;12;5;1215;1;2;1;8.0;5;119;41, BOULEVARD D INDOCHIN;;;;750
201400056946;14;12;11;245;5;2;2;1.0;3;119;RUE PETIT;;;;750
201400056955;14;12;16;800;2;2;1;8.0;2;119;68, AVENUE SECRETAN;;;;750
201400056971;14;1;3;905;1;2;2;1.0;6;120;28, RUE D AVRON;;;;750
201400056972;14;1;3;1450;1;2;7;8.0;3;120;0, AVENUE DE LA PORTE DE;;;;750
201400056977;14;1;9;1840;5;2;4;1.0;3;120;AVENUE DE LA PORTE DE MO;;;;750
201400056987;14;1;24;1405;1;2;5;1.0;6;120;69, RUE DE MENILMONTANT;;;;750
201400056988;14;1;26;1315;1;2;2;1.0;7;120;2, RUE ORFILA;;;;750
201400056991;14;1;26;230;5;2;1;2.0;6;120;PLACE DE LA PORTE DE BAG;;;;750
201400056992;14;1;28;850;2;2;1;2.0;6;120;89, RUE DES PYRENEES;;;;750
201400057014;14;2;19;1835;5;2;7;1.0;3;120;PLACE DE LA PORTE DE MON;;;;750
201400057024;14;3;5;1140;1;2;1;1.0;6;120;129, BOULEVARD DAVOUT;;;;750
201400057027;14;3;13;800;1;2;1;1.0;6;120;7, RUE DE BAGNOLET;;;;750
201400057030;14;3;14;1715;1;2;2;1.0;6;120;10, AVENUE DE LA PORTE D;;;;750
201400057032;14;3;15;1735;1;2;3;1.0;2;120;132, RUE D AVRON;;;;750
201400057054;14;4;10;50;5;2;1;1.0;3;120;234, RUE DES PYRENEES;;;;750
201400057062;14;4;16;1435;1;2;3;1.0;3;120;9, AVENUE GAMBETTA;;;;750
201400057063;14;4;16;1815;1;2;3;1.0;6;120;38, RUE DE MENILMONTANT;;;;750
201400057064;14;4;16;2110;5;2;1;1.0;6;120;168, RUE DES PYRENEES;;;;750
201400057081;14;5;14;1800;1;2;2;1.0;3;120;0, PORTE DE VINCENNES;;;;750
201400057089;14;5;23;1010;1;2;2;1.0;3;120;87, RUE DE LAGNY;;;;750
201400057109;14;6;16;830;1;2;3;1.0;6;119;12, RUE DE BELLEVILLE;;;;750
201400057110;14;6;19;1125;1;2;1;1.0;6;120;74, BOULEVARD DE BELLEVI;;;;750
201400057113;14;6;23;845;1;2;1;1.0;3;120;340, RUE DES PYRENEES;;;;750
201400057114;14;6;25;2210;5;2;1;1.0;6;120;38, RUE D AVRON;;;;750
201400057115;14;6;26;1540;1;2;1;1.0;3;120;72, BOULEVARD DAVOUT;;;;750
201400057117;14;6;27;1811;1;2;1;1.0;3;120;20, AVENUE BENOIT FRACHO;;;;750
201400057119;14;7;1;1800;1;2;1;1.0;3;120;0, AVENUE LEON GAUMONT;;;;750
201400057127;14;7;9;1735;1;2;2;2.0;7;120;229, RUE DES PYRENEES;;;;750
201400057131;14;7;17;900;1;2;3;1.0;3;120;68, RUE DE MENILMONTANT;;;;750
201400057133;14;7;19;1015;1;2;7;1.0;7;120;1, PLACE AUGUSTE METIVIE;;;;750
201400057141;14;7;28;1815;1;2;1;1.0;6;120;237, RUE DES PYRENEES;;;;750
201400057142;14;7;28;2326;5;2;1;1.0;1;120;RUE HENRI CHEVREAU;;;;750
201400057146;14;8;2;1525;1;2;4;1.0;2;120;4, RUE PLANCHAT;;;;750
201400057147;14;8;3;136;5;2;2;1.0;3;120;RUE ORFILA;;;;750
201400057148;14;8;3;2000;1;2;1;2.0;6;120;80, RUE BELGRAND;;;;750
201400057152;14;8;7;1900;1;2;1;8.0;3;120;950, RUE DES ORTEAUX;;;;750
201400057164;14;9;2;2234;5;2;1;1.0;3;120;199, RUE DES PYRENEES;;;;750
201400057166;14;9;4;1050;1;2;3;1.0;3;120;77, RUE DES PYRENEES;;;;750
201400057169;14;9;6;1525;1;2;2;1.0;6;120;13, RUE BELGRAND;;;;750
201400057184;14;9;24;1735;1;2;2;1.0;2;120;02, BOULEVARD DE BELLEVI;;;;750
201400057205;14;10;10;1316;1;2;5;8.0;3;120;02, RUE DES PYRENEES;;;;750
201400057206;14;10;10;1820;1;2;7;8.0;2;120;4, PLACE GAMBETTA;;;;750
201400057223;14;10;29;2000;5;2;7;1.0;6;120;PLACE DE LA PORTE DE MON;;;;750
201400057241;14;11;15;305;5;2;5;3.0;2;120;1, PLACE AUGUSTE METIVIE;;;;750
201400057243;14;11;17;1640;2;2;1;2.0;6;120;48, BOULEVARD DE MENILMO;;;;750
201400057248;14;11;23;810;1;2;1;1.0;6;120;11, RUE FREDERICK LEMAIT;;;;750
201400057251;14;11;25;830;1;2;1;2.0;2;120;293, RUE DES PYRENEES;;;;750
201400057281;14;12;24;905;1;2;2;1.0;3;120;0, RUE PELLEPORT;;;;750
201400057288;14;1;8;857;1;2;3;3.0;2;103;0, RUE DU TEMPLE;;;;750
201400057314;14;1;27;1830;5;2;1;1.0;6;119;AVENUE DE LA PORTE DU PR;;;;750
201400057319;14;1;31;1250;1;2;7;1.0;2;116;PLACE DU TROCADERO;;;;750
201400057349;14;3;4;30;5;2;5;1.0;3;111;254, RUE DU FAUBOURG SAI;;;;750
201400057352;14;3;5;1623;1;2;1;1.0;3;113;BOULEVARD DU GENERAL JEA;;;;750
201400057356;14;3;9;825;1;2;2;1.0;6;111;31, AVENUE DE LA REPUBLI;;;;750
201400057358;14;3;10;930;1;2;7;1.0;3;108;PLACE DE LA CONCORDE;;;;750
201400057385;14;4;3;1920;1;2;1;1.0;3;116;115, RUE DE LA POMPE;;;;750
201400057388;14;4;4;838;1;2;3;1.0;6;105;52, BOULEVARD SAINT GERM;;;;750
201400057402;14;4;15;2140;5;2;7;1.0;3;115;4, RUE LOUIS ARMAND;;;;750
201400057415;14;4;28;940;1;2;2;8.0;3;116;ALLEE DE LONGCHAMP;;;;750
201400057418;14;4;30;1930;1;2;1;1.0;2;115;41, RUE DESNOUETTES;;;;750
201400057421;14;5;4;144;5;2;5;1.0;6;111;15, RUE DU CHEMIN VERT;;;;750
201400057426;14;5;11;1805;1;2;1;2.0;6;107;0, TOUR EIFFEL;;;;750
201400057429;14;5;14;820;1;2;1;1.0;6;113;83, BOULEVARD SAINT MARC;;;;750
201400057433;14;5;16;2240;5;2;2;1.0;3;115;RUE DU THEATRE;;;;750
201400057447;14;5;25;2005;1;2;5;1.0;3;107;BOULEVARD RASPAIL;;;;750
201400057497;14;6;28;2109;5;2;1;3.0;6;118;29, RUE BELLIARD;;;;750
201400057550;14;9;9;25;5;2;2;1.0;3;105;--, QUAI DE LA TOURNELLE;;;;750
201400057573;14;9;27;230;5;2;2;5.0;3;110;31, RUE BICHAT;;;;750
201400057606;14;11;5;1805;5;2;1;1.0;6;113;07, BOULEVARD DU GENERAL;;;;750
201400057613;14;11;15;1225;1;2;1;1.0;7;112;RUE PROUDHON;;;;750
201400057621;14;11;25;845;1;2;2;1.0;3;117;98, AVENUE DE CLICHY;;;;750
201400057628;14;11;30;118;5;2;2;1.0;3;118;/, BOULEVARD DE LA CHAPE;;;;750
201400057648;14;12;20;1230;1;2;1;1.0;2;116;70, QUAI LOUIS BLERIOT;;;;750
201400057650;14;12;21;1625;1;2;1;1.0;6;106;23, BOULEVARD DU MONTPAR;;;;750
201400058210;14;12;19;1815;3;1;1;2.0;1;24;;A;0.0;0.0;972
201400058240;14;10;22;1915;5;2;1;1.0;3;30;rue de Beaus?jour;A;0.0;0.0;972
201400058293;14;9;30;1415;1;1;1;1.0;1;14;;A;0.0;0.0;971
201400058307;14;9;30;1415;1;1;1;1.0;3;15;;A;0.0;0.0;971
201400058349;14;1;25;145;3;1;1;1.0;1;19;;A;0.0;0.0;971
201400058358;14;8;7;1945;5;2;1;1.0;1;2;Rue Joseph Tony;A;0.0;0.0;971
201400058373;14;12;23;815;5;2;1;1.0;1;25;;A;0.0;0.0;971
201400058375;14;1;21;1030;4;1;6;1.0;3;26;;A;0.0;0.0;971
201400058398;14;2;6;2215;5;1;1;1.0;2;16;;A;0.0;0.0;971
201400058412;14;2;11;745;1;1;1;8.0;2;5;;G;0.0;0.0;973
201400058425;14;8;30;900;1;2;1;1.0;3;4;Avenue Guidiglo;G;0.0;0.0;973
201400058426;14;9;21;1530;1;2;9;1.0;1;4;4 avenue  De Gaulle;G;0.0;0.0;973
201400058431;14;4;7;1800;1;2;1;1.0;3;12;rue Inkerman;G;0.0;0.0;973
201400058465;14;5;4;1515;1;2;1;1.0;7;8;chemin boeuf mort;R;;;974
201400058467;14;5;29;1215;1;1;1;1.0;2;8;;R;0.0;0.0;974
201400058471;14;8;20;1630;1;2;1;1.0;1;18;rue Antoine Roussin;R;;;974
201400058473;14;10;10;1800;3;2;1;1.0;5;20;;R;0.0;0.0;974
201400058484;14;7;5;1345;5;2;1;1.0;1;10;ROND POINT BRAS CANOT;R;0.0;0.0;974
201400058491;14;6;28;845;1;2;1;1.0;1;19;ravine glissante;R;0.0;0.0;974
201400058507;14;8;21;2215;3;1;1;1.0;1;15;;R;0.0;0.0;974
201400058528;14;11;19;1230;1;1;1;1.0;7;15;;R;;;974
201400058533;14;10;22;645;1;2;3;1.0;1;14;route de cilaos, RN5;R;;;974
201400058574;14;8;17;2045;5;2;1;1.0;6;16;Merereni;Y;0.0;0.0;976
201400058614;14;1;30;1500;1;1;1;1.0;1;9;;G;0.0;0.0;973
201400058618;14;3;27;1930;5;2;1;1.0;1;9;Route de R?mire;G;0.0;0.0;973
201400058627;14;9;4;1730;1;2;1;1.0;1;9;Avenue Morne Coco;G;0.0;0.0;973
201400058630;14;10;7;1515;1;1;1;2.0;5;9;;G;0.0;0.0;973
201400058642;14;3;15;1045;1;1;1;1.0;2;4;;G;0.0;0.0;973
201400058655;14;4;16;1745;5;1;1;1.0;1;7;;G;0.0;0.0;973
201400058660;14;7;18;630;1;2;1;1.0;1;7;route nationale 4;G;0.0;0.0;973
201400058680;14;2;9;745;1;1;1;1.0;1;32;;A;0.0;0.0;971
201400058715;14;6;29;1815;1;2;1;1.0;1;21;RD7;A;0.0;0.0;972
201400058791;14;11;19;1635;1;2;9;1.0;3;7;41, GAMBETTA ( RUE );A;0.0;0.0;971
201400058802;14;2;20;745;1;1;1;1.0;2;13;RN 4, RN4 - SECTION RIVI;A;0.0;0.0;971
201400058808;14;2;23;1057;1;2;1;1.0;3;20;59, COUR ZAMIA;A;0.0;0.0;971
201400058809;14;3;1;635;1;1;1;2.0;3;1;RN 1, RN1 ROCADE DE CHAU;A;0.0;0.0;971
201400058834;14;5;27;1550;1;2;3;1.0;1;1;00, ROUTE DE BOISVINS;A;0.0;0.0;971
201400058840;14;6;10;1914;5;2;6;1.0;3;20;RD 125, ZONE INDUSTRIELL;A;0.0;0.0;971
201400058841;14;6;18;1435;1;1;1;1.0;6;1;BLANCHARD;A;0.0;0.0;971
201400058844;14;6;28;845;1;1;1;1.0;2;13;RN 4, SECTION LABROUSSE;A;0.0;0.0;971
201400058897;14;12;12;1745;5;2;3;1.0;5;1;00, DUGAZON;A;0.0;0.0;971
201400058902;14;12;22;1815;2;2;3;1.0;3;13;RD 119, GENERAL DE GAULL;A;0.0;0.0;971
201400058907;14;1;4;1525;1;2;1;1.0;1;9;2Comm, GENERAL GALLIENI;A;0.0;0.0;972
201400058931;14;2;15;1042;1;2;1;1.0;6;9;Comm, TAMARINS DES INDES;A;0.0;0.0;972
201400058943;14;3;7;1335;1;2;1;1.0;6;9;Comm, NELSON MANDELA (BO;A;0.0;0.0;972
201400058986;14;6;6;1455;1;2;1;1.0;6;9;RD 48, RELIGIEUSES (ROUT;A;0.0;0.0;972
201400059019;14;9;14;1830;3;1;1;1.0;6;9;3, BALATA (ROUTE DE);A;0.0;0.0;972
201400059091;14;4;3;1104;1;1;1;1.0;7;13;ROUTE DEPARTEMENTALE 3;A;0.0;0.0;972
201400059117;14;7;17;1710;1;1;1;1.0;1;13;16, ACAJOU PROLONGEE;A;0.0;0.0;972
201400059165;14;9;9;2310;5;1;2;2.0;1;2;3TROUBIRAN (CHEMIN DE);G;0.0;0.0;973
201400059168;14;1;8;1325;1;2;2;6.0;1;2;31, CATAYEE (JUSTIN);G;0.0;0.0;973
201400059173;14;1;15;1650;1;1;4;3.0;2;2;32371, SAINT ANTOINE (CH;G;0.0;0.0;973
201400059174;14;1;16;1540;1;2;1;1.0;3;2;18, ZEPHIR (ROCADE);G;0.0;0.0;973
201400059177;14;1;14;1000;1;2;1;1.0;1;2;1MONTABO (ROUTE DE) 1;G;0.0;0.0;973
201400059179;14;1;22;1510;1;2;3;1.0;3;2;1, LIBERTE (AVENUE DE LA;G;0.0;0.0;973
201400059184;14;2;1;1910;2;2;1;1.0;1;2;386, BADUEL (ROUTE DE);G;0.0;0.0;973
201400059191;14;12;13;1444;1;2;3;1.0;3;2;CABASSOU (ROUTE DE);G;0.0;0.0;973
201400059195;14;2;18;1935;5;2;1;1.0;1;2;33, MONTABO (ROUTE DE) 1;G;0.0;0.0;973
201400059202;14;3;6;1735;1;2;1;1.0;2;2;MARINGOUINS (ROND-POINT);G;0.0;0.0;973
201400059221;14;4;5;40;5;2;3;1.0;1;2;HAMEAU DES ENCENS (RUE D;G;0.0;0.0;973
201400059224;14;4;9;1825;1;2;1;1.0;3;2;1918, MONTABO (ROUTE DE);G;0.0;0.0;973
201400059228;14;4;24;1944;5;2;6;1.0;3;2;KET TAI (CARREFOUR);G;0.0;0.0;973
201400059230;14;4;27;2111;5;1;1;1.0;1;2;27, DALHIAS (RUE DES) CI;G;0.0;0.0;973
201400059236;14;5;11;840;1;1;1;1.0;2;2;1560, TROUBIRAN (CHEMIN;G;0.0;0.0;973
201400059252;14;7;3;1215;1;2;1;1.0;3;2;493, MADELEINE (ROUTE DE;G;0.0;0.0;973
201400059255;14;7;12;1000;1;1;3;1.0;3;2;LAFAURIE (CITE);G;0.0;0.0;973
201400059269;14;9;12;840;1;1;3;3.0;1;2;3TIGRE (ROUTE DU);G;0.0;0.0;973
201400059279;14;10;1;1710;1;1;3;1.0;1;2;MONTABO (ROUTE DE) 2;G;0.0;0.0;973
201400059282;14;10;6;1703;1;2;1;1.0;3;2;1, SOURCE DE BADUEL (CHE;G;0.0;0.0;973
201400059310;14;12;13;1340;1;2;1;2.0;1;2;1427, RABAN (ROUTE DE);G;0.0;0.0;973
201400059311;14;12;13;1941;5;2;1;1.0;2;2;05, BRUTUS (CITE);G;0.0;0.0;973
201400059321;14;12;22;1811;5;1;1;1.0;6;2;MARINGOUINS (ROND-POINT);G;0.0;0.0;973
201400059324;14;12;24;1853;5;1;1;1.0;6;2;1, TROUBIRAN (CHEMIN DE);G;0.0;0.0;973
201400059352;14;3;26;1705;1;2;1;1.0;2;7;ROND POINT BUTTE CITRONN;R;;;974
201400059359;14;4;16;800;1;2;1;1.0;1;7;DE GAULLE(RUE);R;;;974
201400059377;14;6;21;950;1;2;1;1.0;3;7;RUE JACQUES PREVERT;R;0.0;0.0;974
201400059381;14;7;21;1410;1;2;3;1.0;3;7;SUAREZ ANDRE(RUE);R;;;974
201400059386;14;8;9;610;2;1;1;1.0;2;7;ROUTE NATIONALE N? 1;R;0.0;0.0;974
201400059387;14;8;11;1320;1;2;3;1.0;3;7;19 MARS 1946(AVENUE DU);R;;;974
201400059388;14;8;14;610;2;1;1;1.0;3;7;ROND POINT SACRE COEUR;R;;;974
201400059389;14;8;19;645;2;2;2;1.0;3;7;DE GAULLE(RUE);R;;;974
201400059391;14;8;21;750;1;2;1;1.0;2;7;28 NOVEMBRE 1942(AVENUE);R;;;974
201400059394;14;8;26;1100;1;2;1;2.0;3;7;RUE JACQUES DUCLOS;R;;;974
201400059398;14;9;17;1110;1;2;1;1.0;2;7;FRANKEL (RUE);R;;;974
201400059413;14;12;2;925;1;2;1;1.0;3;7;INDE(RUE);R;0.0;0.0;974
201400059426;14;10;31;2354;4;2;2;1.0;1;7;2CARPAYE(AVENUE);R;0.0;0.0;974
201400059430;14;1;26;1835;2;1;1;1.0;3;9;PATELIN (chemin);R;0.0;0.0;974
201400059432;14;3;20;1705;1;2;1;1.0;3;9;DE BOURBON(AVENUE);R;0.0;0.0;974
201400059433;14;3;9;1645;1;2;1;1.0;2;9;Rio (chemin);R;0.0;0.0;974
201400059438;14;3;13;810;1;2;1;2.0;2;9;Lefaguyes (chemin);R;0.0;0.0;974
201400059440;14;4;4;1830;2;2;1;1.0;3;9;DE LA REPUBLIQUE(AVENUE);R;0.0;0.0;974
201400059448;14;2;19;650;1;2;1;1.0;3;9;MASCAREIGNES (Avenue des;R;0.0;0.0;974
201400059459;14;5;3;1250;1;2;2;1.0;3;9;IGNORE, BOIS ROUGE (chem;R;0.0;0.0;974
201400059478;14;8;1;1840;5;1;1;1.0;6;9;CHAMPS BORNE (ROUTE DE);R;;;974
201400059500;14;7;31;1725;1;2;1;1.0;6;9;DU CENTRE(CHEMIN);R;;;974
201400059502;14;10;10;1145;1;1;1;1.0;6;9;Lefaguyes (chemin);R;;;974
201400059503;14;10;11;1630;1;1;1;1.0;3;9;CRESSONNIERE (rue de la);R;;;974
201400059504;14;10;12;1710;1;1;1;1.0;3;9;PENTE SASSY (chemin de l;R;;;974
201400059506;14;10;23;1810;1;1;3;1.0;3;9;CHAMPS BORNE (ROUTE DE);R;;;974
201400059516;14;12;10;1705;1;2;1;1.0;6;9;ROCADE SUD(RUE);R;;;974
201400059539;14;2;13;800;1;2;1;1.0;2;11;COCOTIERS (AVENUE DES);R;;;974
201400059564;14;5;7;2145;5;2;2;2.0;6;11;0, LECLERC (DU MARECHAL);R;;;974
201400059569;14;5;19;705;1;1;1;1.0;3;11;5, MACE (ROUTE GABRIEL);R;;;974
201400059580;14;6;30;1645;1;1;1;1.0;3;11;GANDHI (BOULEVARD DU MAH;R;;;974
201400059581;14;8;21;1600;1;2;2;2.0;1;11;3EGLISE (DE);R;;;974
201400059590;14;11;6;2020;3;2;2;1.0;3;11;RIVIERE DES PLUIES (ROUT;R;;;974
201400059609;14;1;5;1410;1;2;1;1.0;2;16;SANS, DELISLES (ROUTE HU;R;0.0;0.0;974
201400059631;14;2;16;945;1;1;1;1.0;3;16;RN1;R;0.0;0.0;974
201400059632;14;2;16;1330;1;1;1;1.0;1;16;28, PARADIS (LIGNE) (1);R;;;974
201400059643;14;3;5;1200;1;2;1;1.0;3;16;SANS, CAUMONT (RUE DE);R;;;974
201400059645;14;3;7;830;1;1;6;1.0;2;16;SANS, ROND POINT DE LA B;R;;;974
201400059655;14;3;20;1650;1;1;2;1.0;3;16;SANS, PARADIS (LIGNE) (1;R;;;974
201400059662;14;4;2;740;1;1;1;1.0;2;16;SANS, KM3 (CHEMIN);R;0.0;0.0;974
201400059690;14;5;6;1638;1;1;1;1.0;7;16;SANS, STEPHANE (CHEMIN);R;;;974
201400059697;14;5;16;1055;1;1;3;1.0;3;16;SANS, LENORMAND (CHEMIN);R;;;974
201400059711;14;6;6;1740;2;1;1;1.0;3;16;SANS, PARADIS (LIGNE) (1;R;0.0;0.0;974
201400059714;14;6;15;1935;5;2;2;1.0;7;16;SANS, FOUR A CHAUX 1 (RU;R;;;974
201400059716;14;6;20;720;2;2;1;1.0;7;16;125, CIMETIERE (CHEMIN D;R;;;974
201400059724;14;7;3;1305;1;2;1;1.0;7;16;SANS, DELISLES (ROUTE HU;R;0.0;0.0;974
201400059727;14;7;8;1520;1;1;1;1.0;3;16;200, CONCESSION CONDE (C;R;;;974
201400059753;14;8;9;1250;1;1;3;1.0;3;16;SANS, BOIS NOIRS (ALLEE;R;;;974
201400059761;14;8;20;2100;5;2;1;1.0;1;16;SANS, DONAT (AVENUE LUC);R;;;974
201400059763;14;8;25;1705;1;2;6;1.0;3;16;SANS, MITTERAND (AVENUE;R;;;974
201400059767;14;8;29;2250;3;1;1;1.0;2;16;SANS, ANCIENNE RN 1;R;;;974
201400059811;14;10;29;1245;1;1;2;1.0;3;16;SANS, STEPHANE (CHEMIN);R;;;974
201400059845;14;12;17;730;2;1;6;1.0;2;16;sans, CEDRES (ALLEE DES);R;;;974
201400059849;14;12;23;1845;2;2;1;1.0;3;16;SANS, MAHATMA GANDHI(RUE;R;0.0;0.0;974